,ID,Equation,Name,Superclass,Base class,React,Prod,ReactStr,ProdStr,AtomicRegulon,Pathway
0,SHK3Dr,3dhsk_c + h_c + nadph_c <=> nadp_c + skm_c,Shikimate dehydrogenase,U;U;SU,SU,U,U,,,,
1,DHORTS,dhor__S_c + h2o_c <=> cbasp_c + h_c,Dihydroorotase,D;D;SS,SS,D,D,,,,
2,OMPDC,h_c + orot5p_c --> co2_c + ump_c,Orotidine-5'-phosphate decarboxylase,D;S;SS,SS,D,S,,,,
3,G5SD,glu5p_c + h_c + nadph_c --> glu5sa_c + nadp_c + pi_c,Glutamate-5-semialdehyde dehydrogenase,U;U;SU,SU,U,U,,,,
4,CS,accoa_c + h2o_c + oaa_c --> cit_c + coa_c + h_c,Citrate synthase,S;S;SU,SU,S,S,,,,
5,ICDHyr,icit_c + nadp_c <=> akg_c + co2_c + nadph_c,Isocitrate dehydrogenase (NADP),U;U;SS,SS,U,U,,,,
6,ACALD,acald_c + coa_c + nad_c <=> accoa_c + h_c + nadh_c,Acetaldehyde dehydrogenase (acetylating),S;S;DU,DU,S,S,,,,
7,PPA,h2o_c + ppi_c --> h_c + 2.0 pi_c,Inorganic diphosphatase,;;SS,SS,,,,,,
8,APRAUR,5apru_c + h_c + nadph_c --> 5aprbu_c + nadp_c,5-amino-6-(5-phosphoribosylamino)uracil reductase,S;S;SS,SS,S,S,,,,
9,TRPAS2,h2o_c + trp__L_c <=> indole_c + nh4_c + pyr_c,Tryptophanase (L-tryptophan),U;U;SD,SD,U,U,,,,
10,DB4PS,ru5p__D_c --> db4p_c + for_c + h_c,"3,4-Dihydroxy-2-butanone-4-phosphate synthase",S;S;SS,SS,S,S,,,,
11,ALAR,ala__L_c <=> ala__D_c,Alanine racemase,U;S;SS,SS,U,S,,,,
12,RBFK,atp_c + ribflv_c --> adp_c + fmn_c + h_c,Riboflavin kinase,S;S;SU,SU,S,S,,,,
13,ALATA_L,akg_c + ala__L_c <=> glu__L_c + pyr_c,L-alanine transaminase,U;U;SU,SU,U,U,,,,
14,GLYK,atp_c + glyc_c --> adp_c + glyc3p_c + h_c,Glycerol kinase,S;U;SD,SD,S,U,,,,
15,PPM,r1p_c <=> r5p_c,Phosphopentomutase,S;U;DS,DS,S,U,,,,
16,ASPTA,akg_c + asp__L_c <=> glu__L_c + oaa_c,Aspartate transaminase,U;U;SS,SS,U,U,,,,
17,RBFSb,2.0 dmlz_c --> 4r5au_c + ribflv_c,Riboflavin synthase,S;S;SU,SU,S,S,,,,
18,EX_pi_e,pi_e <=> ,Phosphate exchange,S;;SS,SS,S,,,,,
19,GLGC,atp_c + g1p_c + h_c --> adpglc_c + ppi_c,Glucose-1-phosphate adenylyltransferase,D;D;DS,DS,D,D,,,,
20,PYK,adp_c + h_c + pep_c --> atp_c + pyr_c,Pyruvate kinase,U;U;SS,SS,U,U,,,,
21,SHCHD2,dscl_c + nad_c --> h_c + nadh_c + scl_c,Sirohydrochlorin dehydrogenase (NAD),U;U;SU,SU,U,U,,,,
22,EX_co2_e,co2_e --> ,CO2 exchange,S;;SS,SS,S,,,,,
23,A5PISO,ru5p__D_c <=> ara5p_c,Arabinose-5-phosphate isomerase,S;S;SS,SS,S,S,,,,
24,PMDPHT,5aprbu_c + h2o_c --> 4r5au_c + pi_c,Pyrimidine phosphatase,S;S;SU,SU,S,S,,,,
25,CPPPGO,cpppg3_c + 2.0 h_c + o2_c --> 2.0 co2_c + 2.0 h2o_c + pppg9_c,Coproporphyrinogen oxidase (O2 required),S;S;SU,SU,S,S,,,,
26,ILETA,akg_c + ile__L_c <=> 3mop_c + glu__L_c,Isoleucine transaminase,U;U;SU,SU,U,U,,,,
27,IPPMIb,2ippm_c + h2o_c <=> 3c3hmp_c,2-isopropylmalate hydratase,D;D;SU,SU,D,D,,,,
28,ORPT,orot5p_c + ppi_c <=> orot_c + prpp_c,Orotate phosphoribosyltransferase,D;D;SD,SD,D,D,,,,
29,RBFSa,4r5au_c + db4p_c --> dmlz_c + 2.0 h2o_c + pi_c,Riboflavin synthase,S;S;SS,SS,S,S,,,,
30,ACHBS,2obut_c + h_c + pyr_c --> 2ahbut_c + co2_c,2-aceto-2-hydroxybutanoate synthase,U;S;SS,SS,U,S,,,,
31,DHAD2,23dhmp_c --> 3mop_c + h2o_c,"Dihydroxy-acid dehydratase (2,3-dihydroxy-3-methylpentanoate)",S;U;SU,SU,S,U,,,,
32,ACLS,h_c + 2.0 pyr_c --> alac__S_c + co2_c,Acetolactate synthase,U;U;SS,SS,U,U,,,,
33,PSCVT,pep_c + skm5p_c <=> 3psme_c + pi_c,3-phosphoshikimate 1-carboxyvinyltransferase,U;U;SS,SS,U,U,,,,
34,PFL,coa_c + pyr_c --> accoa_c + for_c,Pyruvate formate lyase,U;S;SS,SS,U,S,,,,
35,ANS,chor_c + gln__L_c --> anth_c + glu__L_c + h_c + pyr_c,Anthranilate synthase,U;U;SU,SU,U,U,,,,
36,ANPRT,anth_c + prpp_c --> ppi_c + pran_c,Anthranilate phosphoribosyltransferase,U;U;SU,SU,U,U,,,,
37,CHORM,chor_c --> pphn_c,Chorismate mutase,U;S;SS,SS,U,S,,,,
38,PTAr,accoa_c + pi_c <=> actp_c + coa_c,Phosphotransacetylase,S;S;SS,SS,S,S,,,,
39,CHORS,3psme_c --> chor_c + pi_c,Chorismate synthase,U;U;SU,SU,U,U,,,,
40,IGPS,2cpr5p_c + h_c --> 3ig3p_c + co2_c + h2o_c,Indole-3-glycerol-phosphate synthase,U;U;SU,SU,U,U,,,,
41,ACKr,ac_c + atp_c <=> actp_c + adp_c,Acetate kinase,S;S;SD,SD,S,S,,,,
42,EX_fe3_e,fe3_e <=> ,Fe3+ exchange,S;;SS,SS,S,,,,,
43,LEUTAi,4mop_c + glu__L_c --> akg_c + leu__L_c,Leucine transaminase (irreversible),U;U;SU,SU,U,U,,,,
44,EX_h_e,h_e <=> ,H+ exchange,S;;US,US,S,,,,,
45,DMATT,dmpp_c + ipdp_c --> grdp_c + ppi_c,Dimethylallyltranstransferase,U;U;DU,DU,U,U,,,,
46,GRTT,grdp_c + ipdp_c --> frdp_c + ppi_c,Geranyltranstransferase,U;S;DU,DU,U,S,,,,
47,UPP3S,hmbil_c --> h2o_c + uppg3_c,Uroporphyrinogen-III synthase,U;U;SS,SS,U,U,,,,
48,UPPDC1,4.0 h_c + uppg3_c --> 4.0 co2_c + cpppg3_c,Uroporphyrinogen decarboxylase (uroporphyrinogen III),U;S;SS,SS,U,S,,,,
49,EX_mn2_e,mn2_e <=> ,Mn2+ exchange,S;;SS,SS,S,,,,,
50,EX_ac_e,ac_e --> ,Acetate exchange,S;;SS,SS,S,,,,,
51,MOAT,ckdo_c + lipidA_c --> cmp_c + h_c + kdolipid4_c,3-deoxy-D-manno-octulosonic acid transferase,U;U;SU,SU,U,U,,,,
52,UDCPDPS,frdp_c + 8.0 ipdp_c --> 8.0 ppi_c + udcpdp_c,Undecaprenyl diphosphate synthase,U;U;SS,SS,U,U,,,,
53,USHD,h2o_c + u23ga_c --> 2.0 h_c + lipidX_c + ump_c,UDP-sugar hydrolase,U;U;SU,SU,U,U,,,,
54,ENO,2pg_c <=> h2o_c + pep_c,Enolase,U;U;SS,SS,U,U,,,,
55,FBA,fdp_c <=> dhap_c + g3p_c,Fructose-bisphosphate aldolase,S;U;SS,SS,S,U,,,,
56,HCO3E,co2_c + h2o_c <=> h_c + hco3_c,HCO3 equilibration reaction,;U;SS,SS,,U,,,,
57,IMPC,h2o_c + imp_c <=> fprica_c,IMP cyclohydrolase,S;U;SD,SD,S,U,,,,
58,IMPD,h2o_c + imp_c + nad_c --> h_c + nadh_c + xmp_c,IMP dehydrogenase,S;S;SD,SD,S,S,,,,
59,LPADSS,lipidX_c + u23ga_c --> h_c + lipidAds_c + udp_c,Lipid A disaccaride synthase,U;U;SU,SU,U,U,,,,
60,GLUTRS,atp_c + glu__L_c + trnaglu_c --> amp_c + glutrna_c + ppi_c,Glutamyl-tRNA synthetase,U;U;SS,SS,U,U,,,,
61,TDSK,atp_c + lipidAds_c --> adp_c + h_c + lipidA_c,Tetraacyldisaccharide 4'kinase,U;U;SS,SS,U,U,,,,
62,PGI,g6p_c <=> f6p_c,Glucose-6-phosphate isomerase,S;S;SS,SS,S,S,,,,
63,TMPPP,2mahmp_c + 4mpetz_c + h_c --> ppi_c + thmmp_c,Thiamine-phosphate diphosphorylase,U;U;SU,SU,U,U,,,,
64,PGK,3pg_c + atp_c <=> 13dpg_c + adp_c,Phosphoglycerate kinase,U;U;SS,SS,U,U,,,,
65,RPE,ru5p__D_c <=> xu5p__D_c,Ribulose 5-phosphate 3-epimerase,S;S;SS,SS,S,S,,,,
66,DHQTi,3dhq_c --> 3dhsk_c + h2o_c,"3-dehydroquinate dehydratase, irreversible",U;U;SU,SU,U,U,,,,
67,IPMD,3c2hmp_c + nad_c --> 3c4mop_c + h_c + nadh_c,3-isopropylmalate dehydrogenase,D;U;SU,SU,D,U,,,,
68,AIRC3,5aizc_c <=> 5caiz_c,Phosphoribosylaminoimidazole carboxylase (mutase rxn),S;U;SD,SD,S,U,,,,
69,TALA,g3p_c + s7p_c <=> e4p_c + f6p_c,Transaldolase,U;U;SS,SS,U,U,,,,
70,PUNP1,adn_c + pi_c <=> ade_c + r1p_c,Purine-nucleoside phosphorylase (Adenosine),U;U;DS,DS,U,U,,,,
71,ADSL2r,25aics_c <=> aicar_c + fum_c,Adenylosuccinate lyase,S;D;SD,SD,S,D,,,,
72,TKT1,r5p_c + xu5p__D_c <=> g3p_c + s7p_c,Transketolase,U;U;SS,SS,U,U,,,,
73,EX_fe2_e,fe2_e <=> ,Fe2+ exchange,S;;SS,SS,S,,,,,
74,ALCD2x,etoh_c + nad_c <=> acald_c + h_c + nadh_c,Alcohol dehydrogenase (ethanol),S;S;DS,DS,S,S,,,,
75,TMDS,dump_c + mlthf_c --> dhf_c + dtmp_c,Thymidylate synthase,U;U;SS,SS,U,U,,,,
76,PPCDC,4ppcys_c + h_c --> co2_c + pan4p_c,Phosphopantothenoylcysteine decarboxylase,U;U;SS,SS,U,U,,,,
77,EX_glc__D_e,glc__D_e <=> ,D-Glucose exchange,S;;SS,SS,S,,,,,
78,DHAD1,23dhmb_c --> 3mob_c + h2o_c,"Dihydroxy-acid dehydratase (2,3-dihydroxy-3-methylbutanoate)",U;U;SU,SU,U,U,,,,
79,IPPMIa,3c2hmp_c <=> 2ippm_c + h2o_c,3-isopropylmalate dehydratase,D;D;SU,SU,D,D,,,,
80,MDH,mal__L_c + nad_c <=> h_c + nadh_c + oaa_c,Malate dehydrogenase,S;S;SS,SS,S,S,,,,
81,FUM,fum_c + h2o_c <=> mal__L_c,Fumarase,D;S;SD,SD,D,S,,,,
82,FMNAT,atp_c + fmn_c + h_c --> fad_c + ppi_c,FMN adenylyltransferase,S;S;SU,SU,S,S,,,,
83,PYDXNK,atp_c + pydxn_c --> adp_c + h_c + pdx5p_c,Pyridoxine kinase,U;U;SU,SU,U,U,,,,
84,OHPBAT,glu__L_c + ohpb_c <=> akg_c + phthr_c,O-Phospho-4-hydroxy-L-threonine:2-oxoglutarate aminotransferase,U;U;SS,SS,U,U,,,,
85,KARA1,23dhmb_c + nadp_c <=> alac__S_c + h_c + nadph_c,"Ketol-acid reductoisomerase (2,3-dihydroxy-3-methylbutanoate)",U;U;SU,SU,U,U,,,,
86,KARA2,2ahbut_c + h_c + nadph_c <=> 23dhmp_c + nadp_c,Ketol-acid reductoisomerase (2-Acetolactate),S;S;SU,SU,S,S,,,,
87,EX_for_e,for_e --> ,Formate exchange,S;;SS,SS,S,,,,,
88,ACCOAC,accoa_c + atp_c + hco3_c --> adp_c + h_c + malcoa_c + pi_c,Acetyl-CoA carboxylase,U;U;SS,SS,U,U,,,,
89,NADK,atp_c + nad_c --> adp_c + h_c + nadp_c,NAD kinase,S;S;SU,SU,S,S,,,,
90,ICHORS_copy2,chor_c <=> ichor_c,Isochorismate synthase,U;U;DU,DU,U,U,,,,
91,SUCBZS,2shchc_c --> h2o_c + sucbz_c,O-succinylbenzoate-CoA synthase,U;U;DD,DD,U,U,,,,
92,DHBD,23ddhb_c + nad_c <=> 23dhb_c + h_c + nadh_c,"2,3-dihydro-2,3-dihydroxybenzoate dehydrogenase",U;U;DD,DD,U,U,,,,
93,ICHORT,h2o_c + ichor_c --> 23ddhb_c + pyr_c,Isochorismatase,U;U;DD,DD,U,U,,,,
94,GLUTRR,glutrna_c + h_c + nadph_c --> glu1sa_c + nadp_c + trnaglu_c,Glutamyl-tRNA reductase,U;U;SU,SU,U,U,,,,
95,GLCS1,adpglc_c --> adp_c + glycogen_c + h_c,Glycogen synthase (ADPGlc),D;S;DU,DU,D,S,,,,
96,KAS14,acACP_c + h_c + malACP_c --> ACP_c + actACP_c + co2_c,Beta-ketoacyl-ACP synthase,U;U;SS,SS,U,U,,,,
97,HEMEOS,frdp_c + h2o_c + pheme_c --> hemeO_c + ppi_c,Heme O synthase,S;S;DS,DS,S,S,,,,
98,ADMDC,amet_c + h_c --> ametam_c + co2_c,Adenosylmethionine decarboxylase,U;S;DS,DS,U,S,,,,
99,ARGSS,asp__L_c + atp_c + citr__L_c --> amp_c + argsuc_c + h_c + ppi_c,Argininosuccinate synthase,U;S;SD,SD,U,S,,,,
100,AGPR,acg5sa_c + nadp_c + pi_c <=> acg5p_c + h_c + nadph_c,N-acetyl-g-glutamyl-phosphate reductase,U;U;SD,SD,U,U,,,,
101,SPMS,ametam_c + ptrc_c --> 5mta_c + h_c + spmd_c,Spermidine synthase,D;S;DS,DS,D,S,,,,
102,G1SAT,glu1sa_c <=> 5aop_c,Glutamate-1-semialdehyde aminotransferase,U;U;SS,SS,U,U,,,,
103,KDOCT2,ctp_c + kdo_c --> ckdo_c + ppi_c,3-deoxy-manno-octulosonate cytidylyltransferase,U;U;SS,SS,U,U,,,,
104,EDTXS1,ddcaACP_c + kdo2lipid4_c --> ACP_c + kdo2lipid4L_c,Endotoxin Synthesis (lauroyl transferase),U;U;DS,DS,U,U,,,,
105,DXPS,g3p_c + h_c + pyr_c --> co2_c + dxyl5p_c,1-deoxy-D-xylulose 5-phosphate synthase,U;U;SS,SS,U,U,,,,
106,CDPMEK,4c2me_c + atp_c --> 2p4c2me_c + adp_c + h_c,4-(cytidine 5'-diphospho)-2-C-methyl-D-erythritol kinase,U;U;SS,SS,U,U,,,,
107,EDTXS2,kdo2lipid4L_c + myrsACP_c --> ACP_c + lipa_c,Endotoxin Synthesis (myristoyl transferase),U;U;DU,DU,U,U,,,,
108,MECDPS,2p4c2me_c --> 2mecdp_c + cmp_c,"2-C-methyl-D-erythritol 2,4-cyclodiphosphate synthase",U;U;SD,SD,U,U,,,,
109,PGAMT,gam1p_c <=> gam6p_c,Phosphoglucosamine mutase,U;S;SS,SS,U,S,,,,
110,UAGDP,acgam1p_c + h_c + utp_c --> ppi_c + uacgam_c,UDP-N-acetylglucosamine diphosphorylase,U;U;SS,SS,U,U,,,,
111,UAGCVT,pep_c + uacgam_c --> pi_c + uaccg_c,UDP-N-acetylglucosamine 1-carboxyvinyltransferase,U;U;SS,SS,U,U,,,,
112,GLUR,glu__D_c <=> glu__L_c,Glutamate racemase,U;U;SD,SD,U,U,,,,
113,NNDPR,2.0 h_c + prpp_c + quln_c --> co2_c + nicrnt_c + ppi_c,Nicotinate-nucleotide diphosphorylase (carboxylating),S;S;SS,SS,S,S,,,,
114,DMQMT,2omhmbl_c + amet_c --> ahcys_c + h_c + q8h2_c,3-Dimethylubiquinonol 3-methyltransferase,U;U;DS,DS,U,U,,,,
115,PPC,co2_c + h2o_c + pep_c --> h_c + oaa_c + pi_c,Phosphoenolpyruvate carboxylase,U;S;SS,SS,U,S,,,,
116,EX_zn2_e,zn2_e <=> ,Zinc exchange,S;;SS,SS,S,,,,,
117,DNMPPA,dhpmp_c + h2o_c --> dhnpt_c + pi_c,Dihydroneopterin monophosphate dephosphorylase,D;D;SS,SS,D,D,,,,
118,HPPK2,6hmhpt_c + atp_c --> 6hmhptpp_c + amp_c + h_c,6-hydroxymethyl-dihydropterin pyrophosphokinase,D;U;SD,SD,D,U,,,,
119,PTPATi,atp_c + h_c + pan4p_c --> dpcoa_c + ppi_c,Pantetheine-phosphate adenylyltransferase,U;S;SS,SS,U,S,,,,
120,DXPRIi,dxyl5p_c + h_c + nadph_c --> 2me4p_c + nadp_c,1-deoxy-D-xylulose reductoisomerase,U;U;SU,SU,U,U,,,,
121,GTPCII2,gtp_c + 3.0 h2o_c --> 25drapp_c + for_c + 2.0 h_c + ppi_c,GTP cyclohydrolase II (25drapp),S;S;SS,SS,S,S,,,,
122,SADT2,atp_c + gtp_c + h2o_c + so4_c --> aps_c + gdp_c + pi_c + ppi_c,Sulfate adenyltransferase,S;S;SU,SU,S,S,,,,
123,OPHBDC,3ophb_c + h_c --> 2oph_c + co2_c,Octaprenyl-hydroxybenzoate decarboxylase,D;D;SS,SS,D,D,,,,
124,OHPHM,2ohph_c + amet_c --> 2omph_c + ahcys_c + h_c,2-octaprenyl-6-hydroxyphenol methylase,U;U;DS,DS,U,U,,,,
125,GHMT2r,ser__L_c + thf_c <=> gly_c + h2o_c + mlthf_c,"Glycine hydroxymethyltransferase, reversible",U;U;SS,SS,U,U,,,,
126,ALCD19,glyald_c + h_c + nadh_c <=> glyc_c + nad_c,Alcohol dehydrogenase (glycerol),U;S;SS,SS,U,S,,,,
127,SDPDS,h2o_c + sl26da_c --> 26dap_LL_c + succ_c,Succinyl-diaminopimelate desuccinylase,U;U;SS,SS,U,U,,,,
128,G1PTT,dttp_c + g1p_c + h_c --> dtdpglu_c + ppi_c,Glucose-1-phosphate thymidylyltransferase,D;D;DS,DS,D,D,,,,
129,TDPGDH,dtdpglu_c --> dtdp4d6dg_c + h2o_c,"DTDPglucose 4,6-dehydratase",D;D;DS,DS,D,D,,,,
130,ADCS,chor_c + gln__L_c --> 4adcho_c + glu__L_c,4-amino-4-deoxychorismate synthase,U;U;SU,SU,U,U,,,,
131,ADCL,4adcho_c --> 4abz_c + h_c + pyr_c,4-aminobenzoate synthase,U;U;SS,SS,U,U,,,,
132,EX_lac__D_e,lac__D_e --> ,D-lactate exchange,S;;US,US,S,,,,,
133,TDPDRE,dtdp4d6dg_c --> dtdp4d6dm_c,"DTDP-4-dehydrorhamnose 3,5-epimerase",D;S;DS,DS,D,S,,,,
134,TDPDRR,dtdp4d6dm_c + h_c + nadph_c --> dtdprmn_c + nadp_c,DTDP-4-dehydrorhamnose reductase,S;U;DS,DS,S,U,,,,
135,UMPK,atp_c + ump_c <=> adp_c + udp_c,UMP kinase,S;S;SS,SS,S,S,,,,
136,UAPGR,h_c + nadph_c + uaccg_c --> nadp_c + uamr_c,UDP-N-acetylenolpyruvoylglucosamine reductase,U;U;SS,SS,U,U,,,,
137,CTPS2,atp_c + gln__L_c + h2o_c + utp_c --> adp_c + ctp_c + glu__L_c + 2.0 h_c + pi_c,CTP synthase (glutamine),U;U;SS,SS,U,U,,,,
138,PAPPT3,udcpp_c + ugmda_c --> uagmda_c + ump_c,"Phospho-N-acetylmuramoyl-pentapeptide-transferase (meso-2,6-diaminopimelate)",U;U;SU,SU,U,U,,,,
139,UAGPT3,uacgam_c + uagmda_c --> h_c + uaagmda_c + udp_c,UDP-N-acetylglucosamine-N-acetylmuramyl-(pentapeptide)pyrophosphoryl-undecaprenol N-acetylglucosamine transferase,U;U;SU,SU,U,U,,,,
140,GMHEPPA,gmhep17bp_c + h2o_c --> gmhep1p_c + pi_c,"D-glycero-D-manno-heptose 1,7-bisphosphate phosphatase",U;U;DS,DS,U,U,,,,
141,S7PI,s7p_c --> gmhep7p_c,Sedoheptulose 7-phosphate isomerase,U;U;DS,DS,U,U,,,,
142,TRPS3,3ig3p_c --> g3p_c + indole_c,Tryptophan synthase (indoleglycerol phosphate),U;U;SS,SS,U,U,,,,
143,AGMHE,adphep_DD_c --> adphep_LD_c,ADP-D-glycero-D-manno-heptose epimerase,U;U;DD,DD,U,U,,,,
144,GMHEPAT,atp_c + gmhep1p_c + h_c --> adphep_DD_c + ppi_c,D-glycero-D-manno-hepose 1-phosphate adenyltransferase,U;U;DS,DS,U,U,,,,
145,FADRx,fad_c + h_c + nadh_c --> fadh2_c + nad_c,FAD reductase,;;SS,SS,,,,,,
146,ADK1,amp_c + atp_c <=> 2.0 adp_c,Adenylate kinase,;;SS,SS,,,,,,
147,NDPK3,atp_c + cdp_c <=> adp_c + ctp_c,Nucleoside-diphosphate kinase (ATP:CDP),S;U;SS,SS,S,U,,,,
148,NDPK4,atp_c + dtdp_c <=> adp_c + dttp_c,Nucleoside-diphosphate kinase (ATP:dTDP),U;S;SS,SS,U,S,,,,
149,ACODA,acorn_c + h2o_c --> ac_c + orn_c,Acetylornithine deacetylase,U;U;SS,SS,U,U,,,,
150,FCLT,fe2_c + ppp9_c --> 2.0 h_c + pheme_c,Ferrochelatase,D;S;SS,SS,D,S,,,,
151,HBZOPT,4hbz_c + octdp_c --> 3ophb_c + ppi_c,Hydroxybenzoate octaprenyltransferase,D;D;SS,SS,D,D,,,,
152,PNTK,atp_c + pnto__R_c --> 4ppan_c + adp_c + h_c,Pantothenate kinase,U;U;SU,SU,U,U,,,,
153,ADSS,asp__L_c + gtp_c + imp_c --> dcamp_c + gdp_c + 2.0 h_c + pi_c,Adenylosuccinate synthase,U;S;SS,SS,U,S,,,,
154,OCTDPS,frdp_c + 5.0 ipdp_c --> octdp_c + 5.0 ppi_c,Octaprenyl pyrophosphate synthase,U;D;DU,DU,U,D,,,,
155,DPCOAK,atp_c + dpcoa_c --> adp_c + coa_c + h_c,Dephospho-CoA kinase,S;;SU,SU,S,,,,,
156,ASNS2,asp__L_c + atp_c + nh4_c --> amp_c + asn__L_c + h_c + ppi_c,Asparagine synthetase,U;S;SS,SS,U,S,,,,
157,ASPCT,asp__L_c + cbp_c --> cbasp_c + h_c + pi_c,Aspartate carbamoyltransferase,U;D;SU,SU,U,D,,,,
158,KDOPS,ara5p_c + h2o_c + pep_c --> kdo8p_c + pi_c,3-deoxy -D-manno-octulosonic -acid 8-phosphate synthase,U;U;SS,SS,U,U,,,,
159,KDOPP,h2o_c + kdo8p_c --> kdo_c + pi_c,3-deoxy-manno-octulosonate-8-phosphatase,U;U;SU,SU,U,U,,,,
160,DMPPS,h2mb4p_c + h_c + nadh_c --> dmpp_c + h2o_c + nad_c,1-hydroxy-2-methyl-2-(E)-butenyl 4-diphosphate reductase (dmpp),U;U;DU,DU,U,U,,,,
161,MCOATA,ACP_c + malcoa_c <=> coa_c + malACP_c,Malonyl-CoA-ACP transacylase,U;U;SS,SS,U,U,,,,
162,IPDPS,h2mb4p_c + h_c + nadh_c --> h2o_c + ipdp_c + nad_c,1-hydroxy-2-methyl-2-(E)-butenyl 4-diphosphate reductase (ipdp),U;U;SU,SU,U,U,,,,
163,DAPE,26dap_LL_c <=> 26dap__M_c,Diaminopimelate epimerase,U;U;SS,SS,U,U,,,,
164,DHDPRy,23dhdp_c + h_c + nadph_c --> nadp_c + thdp_c,Dihydrodipicolinate reductase (NADPH),U;U;SS,SS,U,U,,,,
165,HSK,atp_c + hom__L_c --> adp_c + h_c + phom_c,Homoserine kinase,D;S;SU,SU,D,S,,,,
166,SDPTA,akg_c + sl26da_c <=> glu__L_c + sl2a6o_c,Succinyldiaminopimelate transaminase,U;U;SS,SS,U,U,,,,
167,THRS,h2o_c + phom_c --> pi_c + thr__L_c,Threonine synthase,S;U;SU,SU,S,U,,,,
168,HSST,hom__L_c + succoa_c --> coa_c + suchms_c,Homoserine O-succinyltransferase,D;S;SU,SU,D,S,,,,
169,PPNDH,h_c + pphn_c --> co2_c + h2o_c + phpyr_c,Prephenate dehydratase,S;S;SS,SS,S,S,,,,
170,DTMPK,atp_c + dtmp_c <=> adp_c + dtdp_c,DTMP kinase,U;U;SU,SU,U,U,,,,
171,NDPK1,atp_c + gdp_c <=> adp_c + gtp_c,Nucleoside-diphosphate kinase (ATP:GDP),S;S;US,US,S,S,,,,
172,TRDR,h_c + nadph_c + trdox_c --> nadp_c + trdrd_c,Thioredoxin reductase (NADPH),S;S;SS,SS,S,S,,,,
173,DDPA,e4p_c + h2o_c + pep_c --> 2dda7p_c + pi_c,3-deoxy-D-arabino-heptulosonate 7-phosphate synthetase,U;U;SS,SS,U,U,,,,
174,PGMT,g1p_c <=> g6p_c,Phosphoglucomutase,D;S;DS,DS,D,S,,,,
175,RHCCE,rhcys_c --> dhptd_c + hcys__L_c,S-ribosylhomocysteine cleavage enzyme,S;S;DS,DS,S,S,,,,
176,GALUi,g1p_c + h_c + utp_c --> ppi_c + udpg_c,UTP-glucose-1-phosphate uridylyltransferase (irreversible),D;S;DU,DU,D,S,,,,
177,U23GAAT,3hmrsACP_c + u3hga_c --> ACP_c + h_c + u23ga_c,UDP-3-O-(3-hydroxymyristoyl)glucosamine acyltransferase,U;U;SU,SU,U,U,,,,
178,UAAGDS,26dap__M_c + atp_c + uamag_c --> adp_c + h_c + pi_c + ugmd_c,"UDP-N-acetylmuramoyl-L-alanyl-D-glutamyl-meso-2,6-diaminopimelate synthetase",U;U;SU,SU,U,U,,,,
179,UAMAS,ala__L_c + atp_c + uamr_c --> adp_c + h_c + pi_c + uama_c,UDP-N-acetylmuramoyl-L-alanine synthetase,U;U;SU,SU,U,U,,,,
180,UAMAGS,atp_c + glu__D_c + uama_c --> adp_c + h_c + pi_c + uamag_c,UDP-N-acetylmuramoyl-L-alanyl-D-glutamate synthetase,U;U;SS,SS,U,U,,,,
181,P5CR,1pyr5c_c + 2.0 h_c + nadph_c --> nadp_c + pro__L_c,Pyrroline-5-carboxylate reductase,U;U;SS,SS,U,U,,,,
182,DHPPDA2,25drapp_c + h2o_c + h_c --> 5apru_c + nh4_c,Diaminohydroxyphosphoribosylaminopryrimidine deaminase (25drapp),S;S;SS,SS,S,S,,,,
183,G5SADs,glu5sa_c --> 1pyr5c_c + h2o_c + h_c,L-glutamate 5-semialdehyde dehydratase (spontaneous),U;U;SS,SS,U,U,,,,
184,ASP1DC,asp__L_c + h_c --> ala_B_c + co2_c,Aspartate 1-decarboxylase,U;U;SU,SU,U,U,,,,
185,UGMDDS,alaala_c + atp_c + ugmd_c --> adp_c + h_c + pi_c + ugmda_c,"UDP-N-acetylmuramoyl-L-alanyl-D-glutamyl-meso-2,6-diaminopimeloyl-D-alanyl-D-alanine synthetase",U;U;SU,SU,U,U,,,,
186,DBTS,atp_c + co2_c + dann_c --> adp_c + dtbt_c + 3.0 h_c + pi_c,Dethiobiotin synthase,U;U;SU,SU,U,U,,,,
187,UHGADA,h2o_c + u3aga_c --> ac_c + u3hga_c,UDP-3-O-acetylglucosamine deacetylase,U;U;SS,SS,U,U,,,,
188,UAGAAT,3hmrsACP_c + uacgam_c <=> ACP_c + u3aga_c,UDP-N-acetylglucosamine acyltransferase,U;U;SS,SS,U,U,,,,
189,ATPPRT,atp_c + prpp_c --> ppi_c + prbatp_c,ATP phosphoribosyltransferase,S;U;SS,SS,S,U,,,,
190,HISTD,h2o_c + histd_c + 2.0 nad_c --> 3.0 h_c + his__L_c + 2.0 nadh_c,Histidinol dehydrogenase,U;S;SS,SS,U,S,,,,
191,DHDPS,aspsa_c + pyr_c --> 23dhdp_c + 2.0 h2o_c + h_c,Dihydrodipicolinate synthase,U;U;SS,SS,U,U,,,,
192,G1PACT,accoa_c + gam1p_c --> acgam1p_c + coa_c + h_c,Glucosamine-1-phosphate N-acetyltransferase,U;U;SS,SS,U,U,,,,
193,GART,atp_c + for_c + gar_c --> adp_c + fgam_c + h_c + pi_c,GAR transformylase-T,U;U;SD,SD,U,U,,,,
194,GF6PTA,f6p_c + gln__L_c --> gam6p_c + glu__L_c,Glutamine-fructose-6-phosphate transaminase,U;U;SS,SS,U,U,,,,
195,IGPDH,eig3p_c --> h2o_c + imacp_c,Imidazoleglycerol-phosphate dehydratase,U;U;SS,SS,U,U,,,,
196,EX_glyclt_e,glyclt_e --> ,Glycolate exchange,D;;US,US,D,,,,,
197,PRPPS,atp_c + r5p_c <=> amp_c + h_c + prpp_c,Phosphoribosylpyrophosphate synthetase,U;S;SS,SS,U,S,,,,
198,GLUCYS,atp_c + cys__L_c + glu__L_c --> adp_c + glucys_c + h_c + pi_c,Gamma-glutamylcysteine synthetase,U;U;DS,DS,U,U,,,,
199,PRATPP,h2o_c + prbatp_c --> h_c + ppi_c + prbamp_c,Phosphoribosyl-ATP pyrophosphatase,U;U;SD,SD,U,U,,,,
200,PRMICI,prfp_c <=> prlp_c,1-(5-phosphoribosyl)-5-[(5-phosphoribosylamino)methylideneamino)imidazole-4-carboxamide isomerase,U;U;SS,SS,U,U,,,,
201,GLUPRT,gln__L_c + h2o_c + prpp_c --> glu__L_c + ppi_c + pram_c,Glutamine phosphoribosyldiphosphate amidotransferase,U;U;SD,SD,U,U,,,,
202,SERAT,accoa_c + ser__L_c <=> acser_c + coa_c,Serine O-acetyltransferase,U;U;SS,SS,U,U,,,,
203,CYSS,acser_c + h2s_c --> ac_c + cys__L_c + h_c,Cysteine synthase,U;S;SU,SU,U,S,,,,
204,NADS1,atp_c + dnad_c + nh4_c --> amp_c + h_c + nad_c + ppi_c,NAD synthase (nh3),S;S;SU,SU,S,S,,,,
205,BPNT,h2o_c + pap_c --> amp_c + pi_c,"3',5'-bisphosphate nucleotidase",S;;SS,SS,S,,,,,
206,PAPSR,paps_c + trdrd_c --> 2.0 h_c + pap_c + so3_c + trdox_c,Phosphoadenylyl-sulfate reductase (thioredoxin),S;S;SU,SU,S,S,,,,
207,ASPK,asp__L_c + atp_c <=> 4pasp_c + adp_c,Aspartate kinase,U;U;SS,SS,U,U,,,,
208,ASAD,aspsa_c + nadp_c + pi_c <=> 4pasp_c + h_c + nadph_c,Aspartate-semialdehyde dehydrogenase,D;U;SS,SS,D,U,,,,
209,DAPDC,26dap__M_c + h_c --> co2_c + lys__L_c,Diaminopimelate decarboxylase,U;S;SD,SD,U,S,,,,
210,OCBT,cbp_c + orn_c <=> citr__L_c + h_c + pi_c,Ornithine carbamoyltransferase,U;U;SD,SD,U,U,,,,
211,GARFT,10fthf_c + gar_c <=> fgam_c + h_c + thf_c,Phosphoribosylglycinamide formyltransferase,U;U;SD,SD,U,U,,,,
212,PHETA1,akg_c + phe__L_c <=> glu__L_c + phpyr_c,Phenylalanine transaminase,U;U;SU,SU,U,U,,,,
213,PPND,nad_c + pphn_c --> 34hpp_c + co2_c + nadh_c,Prephenate dehydrogenase,S;U;SD,SD,S,U,,,,
214,METAT,atp_c + h2o_c + met__L_c --> amet_c + pi_c + ppi_c,Methionine adenosyltransferase,U;U;DU,DU,U,U,,,,
215,PRAMPC,h2o_c + prbamp_c --> prfp_c,Phosphoribosyl-AMP cyclohydrolase,U;U;SD,SD,U,U,,,,
216,TMPK,atp_c + thmmp_c --> adp_c + thmpp_c,Thiamine-phosphate kinase,U;S;SD,SD,U,S,,,,
217,ACOTA,acorn_c + akg_c <=> acg5sa_c + glu__L_c,Acetylornithine transaminase,U;U;SS,SS,U,U,,,,
218,PDX5PS,dxyl5p_c + nad_c + phthr_c --> co2_c + 2.0 h2o_c + h_c + nadh_c + pdx5p_c + pi_c,Pyridoxine 5'-phosphate synthase,U;U;SD,SD,U,U,,,,
219,PPBNGS,2.0 5aop_c --> 2.0 h2o_c + h_c + ppbng_c,Porphobilinogen synthase,U;U;SS,SS,U,U,,,,
220,ENTCS,3.0 23dhba_c + 3.0 seramp_c --> 6.0 amp_c + enter_c + 9.0 h_c,Enterochelin synthase,U;S;DS,DS,U,S,,,,
221,SULR,5.0 h_c + 3.0 nadph_c + so3_c --> 3.0 h2o_c + h2s_c + 3.0 nadp_c,Sulfite reductase (NADPH2),S;S;SU,SU,S,S,,,,
222,PPNCL2,4ppan_c + ctp_c + cys__L_c --> 4ppcys_c + cmp_c + h_c + ppi_c,Phosphopantothenate-cysteine ligase,U;U;SS,SS,U,U,,,,
223,PRAGSr,atp_c + gly_c + pram_c <=> adp_c + gar_c + h_c + pi_c,Phosphoribosylglycinamide synthase,U;U;SD,SD,U,U,,,,
224,PRFGS,atp_c + fgam_c + gln__L_c + h2o_c --> adp_c + fpram_c + glu__L_c + h_c + pi_c,Phosphoribosylformylglycinamidine synthase,U;U;SD,SD,U,U,,,,
225,NNATr,atp_c + h_c + nicrnt_c <=> dnad_c + ppi_c,Nicotinate-nucleotide adenylyltransferase,S;S;SU,SU,S,S,,,,
226,PSERT,3php_c + glu__L_c --> akg_c + pser__L_c,Phosphoserine transaminase,U;U;SS,SS,U,U,,,,
227,AIRC2,air_c + atp_c + hco3_c --> 5caiz_c + adp_c + h_c + pi_c,Phosphoribosylaminoimidazole carboxylase,U;U;SD,SD,U,U,,,,
228,GAPD,g3p_c + nad_c + pi_c <=> 13dpg_c + h_c + nadh_c,Glyceraldehyde-3-phosphate dehydrogenase,U;U;SS,SS,U,U,,,,
229,DM_amob_c,amob_c --> ,Sink needed to allow S-Adenosyl-4-methylthio-2-oxobutanoate to leave system,U;;SS,SS,U,,,,,
230,MOAT2,ckdo_c + kdolipid4_c --> cmp_c + h_c + kdo2lipid4_c,3-deoxy-D-manno-octulosonic acid transferase,U;U;SU,SU,U,U,,,,
231,ARGSL,argsuc_c <=> arg__L_c + fum_c,Argininosuccinate lyase,S;D;SD,SD,S,D,,,,
232,CBPS,2.0 atp_c + gln__L_c + h2o_c + hco3_c --> 2.0 adp_c + cbp_c + glu__L_c + 2.0 h_c + pi_c,Carbamoyl-phosphate synthase (glutamine-hydrolysing),U;U;SD,SD,U,U,,,,
233,GLU5K,atp_c + glu__L_c --> adp_c + glu5p_c,Glutamate 5-kinase,U;U;SU,SU,U,U,,,,
234,IPPS,3mob_c + accoa_c + h2o_c --> 3c3hmp_c + coa_c + h_c,2-isopropylmalate synthase,U;D;SU,SU,U,D,,,,
235,EX_mg2_e,mg2_e <=> ,Mg exchange,S;;SS,SS,S,,,,,
236,ACOATA,ACP_c + accoa_c <=> acACP_c + coa_c,Acetyl-CoA ACP transacylase,S;U;SS,SS,S,U,,,,
237,MOHMT,3mob_c + h2o_c + mlthf_c --> 2dhp_c + thf_c,3-methyl-2-oxobutanoate hydroxymethyltransferase,U;U;SS,SS,U,U,,,,
238,EX_cbl1_e,cbl1_e <=> ,Cob(I)alamin exchange,S;;DS,DS,S,,,,,
239,AHCYSNS,ahcys_c + h2o_c --> ade_c + rhcys_c,S-adenosylhomocysteine nucleosidase,U;U;DS,DS,U,U,,,,
240,GMPS,atp_c + nh4_c + xmp_c --> amp_c + gmp_c + 2.0 h_c + ppi_c,GMP synthase,S;S;SD,SD,S,S,,,,
241,SERASr,atp_c + h_c + ser__L_c <=> ppi_c + seramp_c,(L-seryl)adenylate synthase,U;U;DS,DS,U,U,,,,
242,ACtex,ac_e <=> ac_p,Acetate transport via diffusion (extracellular to periplasm),S;S;SS,SS,S,S,,,,
243,CHRPL,chor_c --> 4hbz_c + pyr_c,Chorismate pyruvate lyase,U;S;SS,SS,U,S,,,,
244,PMPK,4ampm_c + atp_c --> 2mahmp_c + adp_c,Phosphomethylpyrimidine kinase,U;U;SU,SU,U,U,,,,
245,PSP_L,h2o_c + pser__L_c --> pi_c + ser__L_c,Phosphoserine phosphatase (L-serine),U;U;SU,SU,U,U,,,,
246,ADSK,aps_c + atp_c --> adp_c + h_c + paps_c,Adenylyl-sulfate kinase,S;S;SU,SU,S,S,,,,
247,HSDy,hom__L_c + nadp_c <=> aspsa_c + h_c + nadph_c,Homoserine dehydrogenase (NADPH),D;D;SU,SU,D,D,,,,
248,CYSTL,cyst__L_c + h2o_c --> hcys__L_c + nh4_c + pyr_c,Cystathionine b-lyase,U;U;SS,SS,U,U,,,,
249,SHSL1,cys__L_c + suchms_c --> cyst__L_c + h_c + succ_c,O-succinylhomoserine lyase (L-cysteine),S;U;SU,SU,S,U,,,,
250,EX_ca2_e,ca2_e <=> ,Calcium exchange,S;;SS,SS,S,,,,,
251,Kt2pp,h_p + k_p --> h_c + k_c,Potassium transport in via proton symport (periplasm),S;S;SS,SS,S,S,,,,
252,GLYCLTtex,glyclt_e <=> glyclt_p,Glycolate transport via diffusion (extracellular to periplasm),D;D;US,US,D,D,,,,
253,Htex,h_e <=> h_p,Proton transport via diffusion (extracellular to periplasm),S;;US,US,S,,,,,
254,H2Otex,h2o_e <=> h2o_p,H2O transport via diffusion (extracellular to periplasm),S;;SD,SD,S,,,,,
255,O2tpp,o2_p <=> o2_c,O2 transport via diffusion (periplasm),S;;SS,SS,S,,,,,
256,THD2pp,2.0 h_p + nadh_c + nadp_c --> 2.0 h_c + nad_c + nadph_c,NAD(P) transhydrogenase (periplasm),;;SS,SS,,,,,,
257,GMHEPK,atp_c + gmhep7p_c --> adp_c + gmhep17bp_c + h_c,D-glycero-D-manno-heptose 7-phosphate kinase,U;U;DS,DS,U,U,,,,
258,GTPCI,gtp_c + h2o_c --> ahdt_c + for_c + h_c,GTP cyclohydrolase I,S;D;SU,SU,S,D,,,,
259,CBL1abcpp,atp_c + cbl1_p + h2o_c --> adp_c + cbl1_c + h_c + pi_c,Cob(1)alamin transport via ABC system (periplasm),S;S;DS,DS,S,S,,,,
260,TKT2,e4p_c + xu5p__D_c <=> f6p_c + g3p_c,Transketolase,U;U;SS,SS,U,U,,,,
261,UDCPDP,h2o_c + udcpdp_c --> h_c + pi_c + udcpp_c,Undecaprenyl-diphosphatase,U;S;SU,SU,U,S,,,,
262,ATPS4rpp,adp_c + 4.0 h_p + pi_c <=> atp_c + h2o_c + 3.0 h_c,ATP synthase (four protons for one ATP) (periplasm),;;SS,SS,,,,,,
263,CYTK1,atp_c + cmp_c <=> adp_c + cdp_c,Cytidylate kinase (CMP),S;S;SS,SS,S,S,,,,
264,CO2tpp,co2_p <=> co2_c,CO2 transporter via diffusion (periplasm),S;;SS,SS,S,,,,,
265,GK1,atp_c + gmp_c <=> adp_c + gdp_c,Guanylate kinase (GMP:ATP),S;S;SS,SS,S,S,,,,
266,Ktex,k_e <=> k_p,Potassium transport via diffusion (extracellular to periplasm),S;S;SS,SS,S,S,,,,
267,O2tex,o2_e <=> o2_p,Oxygen transport via diffusion (extracellular to periplasm),S;S;SS,SS,S,S,,,,
268,D_LACtex,lac__D_e <=> lac__D_p,D-lactate transport via diffusion (extracellular to periplasm),S;S;US,US,S,S,,,,
269,DHFS,atp_c + dhpt_c + glu__L_c --> adp_c + dhf_c + h_c + pi_c,Dihydrofolate synthase,U;U;SS,SS,U,U,,,,
270,EX_ni2_e,ni2_e <=> ,Ni2+ exchange,S;;SS,SS,S,,,,,
271,GLCtex_copy1,glc__D_e --> glc__D_p,Glucose transport via diffusion (extracellular to periplasm),S;S;SS,SS,S,S,,,,
272,PItex,pi_e <=> pi_p,Phosphate transport via diffusion (extracellular to periplasm),S;;SS,SS,S,,,,,
273,ACt2rpp,ac_p + h_p <=> ac_c + h_c,Acetate reversible transport via proton symport (periplasm),S;S;SU,SU,S,S,,,,
274,EX_meoh_e,meoh_e --> ,Methanol exchange,U;;SS,SS,U,,,,,
275,METS,5mthf_c + hcys__L_c --> h_c + met__L_c + thf_c,Methionine synthase,U;U;SS,SS,U,U,,,,
276,ASPO5,asp__L_c + fum_c --> h_c + iasp_c + succ_c,L-aspartate oxidase,S;S;SS,SS,S,S,,,,
277,EX_cu2_e,cu2_e <=> ,Cu2+ exchange,S;;SS,SS,S,,,,,
278,PRASCSi,5aizc_c + asp__L_c + atp_c --> 25aics_c + adp_c + h_c + pi_c,Phosphoribosylaminoimidazolesuccinocarboxamide synthase,U;S;SD,SD,U,S,,,,
279,FE2tex,fe2_e <=> fe2_p,Iron (II) transport via diffusion (extracellular to periplasm),S;S;SS,SS,S,S,,,,
280,DHPS2,4abz_c + 6hmhptpp_c --> dhpt_c + ppi_c,Dihydropteroate synthase,U;U;SS,SS,U,U,,,,
281,MTHFC,h2o_c + methf_c <=> 10fthf_c + h_c,Methenyltetrahydrofolate cyclohydrolase,U;S;SS,SS,U,S,,,,
282,MTHFD,mlthf_c + nadp_c <=> methf_c + nadph_c,Methylenetetrahydrofolate dehydrogenase (NADP),U;U;SS,SS,U,U,,,,
283,QULNS,dhap_c + iasp_c --> 2.0 h2o_c + pi_c + quln_c,Quinolinate synthase,S;S;SS,SS,S,S,,,,
284,EX_cobalt2_e,cobalt2_e <=> ,Co2+ exchange,S;;SS,SS,S,,,,,
285,FORtppi,for_c --> for_p,Formate transport via diffusion (cytoplasm to periplasm),S;S;SS,SS,S,S,,,,
286,GLCTR1,icolipa_c + udpg_c --> gicolipa_c + h_c + udp_c,Glucosyltransferase I (LPS core synthesis),U;U;DS,DS,U,U,,,,
287,GLCTR3,ggagicolipa_c + udpg_c --> gggagicolipa_c + h_c + udp_c,Glucosyltransferase III (LPS core synthesis),U;U;DS,DS,U,U,,,,
288,HEPT4,adphep_LD_c + gggagicolipa_c --> adp_c + colipa_c + h_c,Heptosyltransferase IV (LPS core synthesis),U;U;DS,DS,U,U,,,,
289,CBLAT,atp_c + cbl1_c + h_c <=> adocbl_c + pppi_c,Cob(I)alamin adenosyltransferase,S;S;DU,DU,S,S,,,,
290,SO4tex,so4_e <=> so4_p,Sulfate transport via diffusion (extracellular to periplasm),S;S;SS,SS,S,S,,,,
291,NH4tpp,nh4_p <=> nh4_c,Ammonia reversible transport (periplasm),S;;SD,SD,S,,,,,
292,PROt2rpp,h_p + pro__L_p <=> h_c + pro__L_c,L-proline reversible transport via proton symport (periplasm),U;U;SS,SS,U,U,,,,
293,PROt4pp,na1_p + pro__L_p --> na1_c + pro__L_c,Na+/Proline-L symporter (periplasm),U;U;SS,SS,U,U,,,,
294,MOBDabcpp,atp_c + h2o_c + mobd_p --> adp_c + h_c + mobd_c + pi_c,Molybdate transport via ABC system (periplasm),U;U;DU,DU,U,U,,,,
295,MOBDtex,mobd_e <=> mobd_p,Molybdate transport via diffusion (extracellular to periplasm),U;U;DS,DS,U,U,,,,
296,NI2tex,ni2_e <=> ni2_p,Nickel transport via diffusion (extracellular to periplasm),S;S;SS,SS,S,S,,,,
297,DNTPPA,ahdt_c + h2o_c --> dhpmp_c + h_c + ppi_c,Dihydroneopterin triphosphate pyrophosphatase,D;D;SS,SS,D,D,,,,
298,NH4tex,nh4_e <=> nh4_p,Ammonia transport via diffusion (extracellular to periplasm),S;S;SS,SS,S,S,,,,
299,FE3tex,fe3_e <=> fe3_p,Iron (III) transport via diffusion (extracellular to periplasm),S;S;SS,SS,S,S,,,,
300,MG2tex,mg2_e <=> mg2_p,Magnesium (Mg+2) transport via diffusion (extracellular to periplasm),S;S;SS,SS,S,S,,,,
301,Zn2tex,zn2_e <=> zn2_p,Zinc (Zn+2) transport via diffusion (extracellular to periplasm),S;S;SS,SS,S,S,,,,
302,GLYCtpp,glyc_c <=> glyc_p,Glycerol transport via channel (periplasm),S;S;DD,DD,S,S,,,,
303,H2Otpp,h2o_p <=> h2o_c,H2O transport via diffusion (periplasm),;;SU,SU,,,,,,
304,CO2tex,co2_e <=> co2_p,CO2 transport via diffusion (extracellular to periplasm),S;S;SS,SS,S,S,,,,
305,ACGK,acglu_c + atp_c --> acg5p_c + adp_c,Acetylglutamate kinase,U;U;SD,SD,U,U,,,,
306,COBALT2tex,cobalt2_e <=> cobalt2_p,Cobalt (Co+2) transport via diffusion (extracellular to periplasm),S;S;SS,SS,S,S,,,,
307,PPA2,h2o_c + pppi_c --> h_c + pi_c + ppi_c,Inorganic triphosphatase,S;;DS,DS,S,,,,,
308,HMBS,h2o_c + 4.0 ppbng_c --> hmbil_c + 4.0 nh4_c,Hydroxymethylbilane synthase,U;U;SS,SS,U,U,,,,
309,MEPCT,2me4p_c + ctp_c + h_c --> 4c2me_c + ppi_c,2-C-methyl-D-erythritol 4-phosphate cytidylyltransferase,U;U;SS,SS,U,U,,,,
310,GLUDy,glu__L_c + h2o_c + nadp_c <=> akg_c + h_c + nadph_c + nh4_c,Glutamate dehydrogenase (NADP),U;U;SS,SS,U,U,,,,
311,GLCptspp,glc__D_p + pep_c --> g6p_c + pyr_c,D-glucose transport via PEP:Pyr PTS (periplasm),U;U;SS,SS,U,U,,,,
312,EX_h2o_e,h2o_e <=> ,H2O exchange,S;;SS,SS,S,,,,,
313,HSTPT,glu__L_c + imacp_c --> akg_c + hisp_c,Histidinol-phosphate transaminase,U;U;SS,SS,U,U,,,,
314,THDPS,h2o_c + succoa_c + thdp_c --> coa_c + sl2a6o_c,Tetrahydrodipicolinate succinylase,U;U;SU,SU,U,U,,,,
315,ATPM,atp_c + h2o_c --> adp_c + h_c + pi_c,ATP maintenance requirement,;;SS,SS,,,,,,
316,THRD_L,thr__L_c --> 2obut_c + nh4_c,L-threonine deaminase,U;U;SS,SS,U,U,,,,
317,ETOHtex,etoh_e <=> etoh_p,Ethanol transport via diffusion (extracellular to periplasm),S;S;DS,DS,S,S,,,,
318,GLYCLTt2rpp,glyclt_p + h_p <=> glyclt_c + h_c,"Glycolate transport via proton symport, reversible (periplasm)",D;D;US,US,D,D,,,,
319,DHFR,dhf_c + h_c + nadph_c <=> nadp_c + thf_c,Dihydrofolate reductase,U;U;SU,SU,U,U,,,,
320,PRAIi,pran_c --> 2cpr5p_c,Phosphoribosylanthranilate isomerase (irreversible),U;U;SU,SU,U,U,,,,
321,TYRTA,akg_c + tyr__L_c <=> 34hpp_c + glu__L_c,Tyrosine transaminase,U;U;SU,SU,U,U,,,,
322,SHKK,atp_c + skm_c --> adp_c + h_c + skm5p_c,Shikimate kinase,U;U;SS,SS,U,U,,,,
323,EX_mobd_e,mobd_e <=> ,Molybdate exchange,U;;DS,DS,U,,,,,
324,EX_so4_e,so4_e <=> ,Sulfate exchange,S;;SS,SS,S,,,,,
325,OMCDC,3c4mop_c + h_c --> 4mop_c + co2_c,2-Oxo-4-methyl-3-carboxypentanoate decarboxylation,U;U;SS,SS,U,U,,,,
326,E4PD,e4p_c + h2o_c + nad_c <=> 4per_c + 2.0 h_c + nadh_c,Erythrose 4-phosphate dehydrogenase,U;U;SS,SS,U,U,,,,
327,IG3PS,gln__L_c + prlp_c --> aicar_c + eig3p_c + glu__L_c + h_c,Imidazole-glycerol-3-phosphate synthase,U;U;SS,SS,U,U,,,,
328,PDH,coa_c + nad_c + pyr_c --> accoa_c + co2_c + nadh_c,Pyruvate dehydrogenase,U;S;DS,DS,U,S,,,,
329,MTHFR2,2.0 h_c + mlthf_c + nadh_c --> 5mthf_c + nad_c,"5,10-methylenetetrahydrofolate reductase (NADH)",U;U;SU,SU,U,U,,,,
330,EX_nh4_e,nh4_e <=> ,Ammonia exchange,S;;SS,SS,S,,,,,
331,DUTPDP,dutp_c + h2o_c --> dump_c + h_c + ppi_c,DUTP diphosphatase,U;U;SS,SS,U,U,,,,
332,MTAN,5mta_c + h2o_c --> 5mtr_c + ade_c,Methylthioadenosine nucleosidase,U;U;DS,DS,U,U,,,,
333,DPR,2dhp_c + h_c + nadph_c --> nadp_c + pant__R_c,2-dehydropantoate 2-reductase,U;U;SS,SS,U,U,,,,
334,AMAOTr,8aonn_c + amet_c <=> amob_c + dann_c,Adenosylmethionine-8-amino-7-oxononanoate transaminase,U;U;SU,SU,U,U,,,,
335,EX_etoh_e,etoh_e --> ,Ethanol exchange,S;;DS,DS,S,,,,,
336,GLNS,atp_c + glu__L_c + nh4_c --> adp_c + gln__L_c + h_c + pi_c,Glutamine synthetase,U;U;SD,SD,U,U,,,,
337,GTHS,atp_c + glucys_c + gly_c --> adp_c + gthrd_c + h_c + pi_c,Glutathione synthetase,U;U;DS,DS,U,U,,,,
338,EX_k_e,k_e <=> ,K+ exchange,S;;SS,SS,S,,,,,
339,ACGS,accoa_c + glu__L_c --> acglu_c + coa_c + h_c,N-acetylglutamate synthase,U;U;SD,SD,U,U,,,,
340,HEPT1,adphep_LD_c + lipa_c --> adp_c + h_c + hlipa_c,Heptosyltransferase I (LPS core synthesis),U;U;DS,DS,U,U,,,,
341,CU2tex,cu2_e <=> cu2_p,Copper (Cu+2) transport via diffusion (extracellular to periplasm),S;S;SS,SS,S,S,,,,
342,HEPT2,adphep_LD_c + hlipa_c --> adp_c + h_c + hhlipa_c,Heptosyltransferase II (LPS core synthesis),U;U;DD,DD,U,U,,,,
343,ALAALAr,2.0 ala__D_c + atp_c <=> adp_c + alaala_c + h_c + pi_c,D-alanine-D-alanine ligase (reversible),S;U;SS,SS,S,U,,,,
344,CLtex,cl_e <=> cl_p,Chloride (Cl-1) transport via diffusion (extracellular to periplasm),S;S;SS,SS,S,S,,,,
345,EX_pydxn_e,pydxn_e <=> ,Pyridoxine exchange,U;;SS,SS,U,,,,,
346,MOAT3C,ckdo_c + phphhlipa_c --> cmp_c + h_c + kphphhlipa_c,3-deoxy-D-manno-octulosonic acid transferase III (LPS core biosynthesis),U;U;DS,DS,U,U,,,,
347,ADNK1,adn_c + atp_c --> adp_c + amp_c + h_c,Adenosine kinase,U;;DS,DS,U,,,,,
348,RHAT1,dtdprmn_c + kphphhlipa_c --> dtdp_c + h_c + icolipa_c,Rhamnosyltransferase I (LPS core biosynthesis),U;U;DS,DS,U,U,,,,
349,GALT1,gicolipa_c + udpg_c --> gagicolipa_c + h_c + udp_c,Galactosyltransferase I (LPS core synthesis),U;U;DS,DS,U,U,,,,
350,MNtex,mn2_e <=> mn2_p,Manganese (Mn+2) transport via diffusion (extracellular to periplasm),S;S;SS,SS,S,S,,,,
351,GLCTR2,gagicolipa_c + udpg_c --> ggagicolipa_c + h_c + udp_c,Glucosyltransferase II (LPS core synthesis),U;U;DD,DD,U,U,,,,
352,HEPK1,atp_c + hhlipa_c --> adp_c + h_c + phhlipa_c,LPS heptose kinase I (LPS core synthesis),U;U;DS,DS,U,U,,,,
353,HEPT3,adphep_LD_c + phhlipa_c --> adp_c + h_c + hphhlipa_c,Heptosyltransferase III (LPS core synthesis),U;U;DS,DS,U,U,,,,
354,HEPK2,atp_c + hphhlipa_c --> adp_c + h_c + phphhlipa_c,LPS heptose kinase II (LPS core synthesis),U;U;DS,DS,U,U,,,,
355,SHCHF,fe2_c + scl_c --> 3.0 h_c + sheme_c,Sirohydrochlorin ferrochelatase,U;S;SU,SU,U,S,,,,
356,SUCOAS,atp_c + coa_c + succ_c <=> adp_c + pi_c + succoa_c,Succinyl-CoA synthetase (ADP-forming),S;S;SU,SU,S,S,,,,
357,SUCBZL,atp_c + coa_c + sucbz_c --> amp_c + ppi_c + sbzcoa_c,O-succinylbenzoate-CoA ligase,U;U;DS,DS,U,U,,,,
358,PRAIS,atp_c + fpram_c --> adp_c + air_c + 2.0 h_c + pi_c,Phosphoribosylaminoimidazole synthase,U;U;SD,SD,U,U,,,,
359,PANTS,ala_B_c + atp_c + pant__R_c --> amp_c + h_c + pnto__R_c + ppi_c,Pantothenate synthase,U;U;SS,SS,U,U,,,,
360,GCALDD,gcald_c + h2o_c + nad_c --> glyclt_c + 2.0 h_c + nadh_c,Glycolaldehyde dehydrogenase,D;D;US,US,D,D,,,,
361,HISTP,h2o_c + hisp_c --> histd_c + pi_c,Histidinol-phosphatase,U;U;SS,SS,U,U,,,,
362,LDH_D,lac__D_c + nad_c <=> h_c + nadh_c + pyr_c,D-lactate dehydrogenase,S;U;US,US,S,U,,,,
363,ORNDC,h_c + orn_c --> co2_c + ptrc_c,Ornithine Decarboxylase,U;D;DS,DS,U,D,,,,
364,UPP3MT,2.0 amet_c + uppg3_c --> 2.0 ahcys_c + dscl_c + h_c,Uroporphyrinogen methyltransferase,U;U;SU,SU,U,U,,,,
365,T2DECAI,tdec2eACP_c <=> cdec3eACP_c,Trans-2-decenoyl-ACP isomerase,U;U;SS,SS,U,U,,,,
366,3OAS161,h_c + malACP_c + tdeACP_c --> 3ocpalm9eACP_c + ACP_c + co2_c,3-oxoacyl-[acyl-carrier-protein] synthase (n-C16:1),U;U;SU,SU,U,U,,,,
367,DHQS,2dda7p_c --> 3dhq_c + pi_c,3-dehydroquinate synthase,U;U;SS,SS,U,U,,,,
368,EAR161x,h_c + nadh_c + t3c9palmeACP_c --> hdeACP_c + nad_c,Enoyl-[acyl-carrier-protein] reductase (NADH) (n-C16:1),U;S;SS,SS,U,S,,,,
369,DASYN160,ctp_c + h_c + pa160_c --> cdpdhdecg_c + ppi_c,CDP-diacylglycerol synthetase (n-C16:0),U;U;SU,SU,U,U,,,,
370,DASYN161,ctp_c + h_c + pa161_c --> cdpdhdec9eg_c + ppi_c,CDP-diacylglycerol synthetase (n-C16:1),U;U;SU,SU,U,U,,,,
371,DASYN181,ctp_c + h_c + pa181_c --> cdpdodec11eg_c + ppi_c,CDP-diacylglycerol synthetase (n-C18:1),U;U;DU,DU,U,U,,,,
372,PGCD,3pg_c + nad_c --> 3php_c + h_c + nadh_c,Phosphoglycerate dehydrogenase,U;U;SS,SS,U,U,,,,
373,CLPNS181pp,2.0 pg181_p <=> clpn181_p + glyc_p,"Cardiolipin synthase (periplasmic, n-C18:1)",S;S;DU,DU,S,S,,,,
374,PG161abcpp,atp_c + h2o_c + pg161_c --> adp_c + h_c + pg161_p + pi_c,"Phosphatidylglycerol transport via ABC system (n-C16:1, periplasm)",S;S;DS,DS,S,S,,,,
375,3OAS141,cddec5eACP_c + h_c + malACP_c --> 3ocmrs7eACP_c + ACP_c + co2_c,3-oxoacyl-[acyl-carrier-protein] synthase (n-C14:1),U;U;SU,SU,U,U,,,,
376,3OAR121,3ocddec5eACP_c + h_c + nadph_c --> 3hcddec5eACP_c + nadp_c,3-oxoacyl-[acyl-carrier-protein] reductase (n-C12:1),U;U;SS,SS,U,U,,,,
377,ALAALAabcpp,alaala_p + atp_c + h2o_c --> adp_c + alaala_c + h_c + pi_c,D-alanyl-D-alanine (DalaDala) transport via ABC system (periplasm),U;U;DU,DU,U,U,,,,
378,ADSL1r,dcamp_c <=> amp_c + fum_c,Adenylsuccinate lyase,S;D;SD,SD,S,D,,,,
379,AICART,10fthf_c + aicar_c <=> fprica_c + thf_c,Phosphoribosylaminoimidazolecarboxamide formyltransferase,U;U;SD,SD,U,U,,,,
380,D_LACt2pp,h_p + lac__D_p <=> h_c + lac__D_c,D-lactate transport via proton symport (periplasm),S;S;US,US,S,S,,,,
381,CLPNS160pp,2.0 pg160_p <=> clpn160_p + glyc_p,"Cardiolipin synthase (periplasmic, n-C16:0)",S;S;DU,DU,S,S,,,,
382,CLPNS161pp,2.0 pg161_p <=> clpn161_p + glyc_p,"Cardiolipin synthase (periplasmic, n-C16:1)",S;S;DU,DU,S,S,,,,
383,PG160abcpp,atp_c + h2o_c + pg160_c --> adp_c + h_c + pg160_p + pi_c,"Phosphatidylglycerol transport via ABC system (n-C16:0, periplasm)",S;S;DS,DS,S,S,,,,
384,EX_cl_e,cl_e <=> ,Chloride exchange,S;;SS,SS,S,,,,,
385,FORtex,for_e <=> for_p,Formate transport via diffusion (extracellular to periplasm),S;S;SS,SS,S,S,,,,
386,DHBS,23dhb_c + atp_c + h_c --> 23dhba_c + ppi_c,"2,3-dihydroxybenzoate adenylate synthase",U;U;DD,DD,U,U,,,,
387,PPPGO3,3.0 fum_c + pppg9_c --> ppp9_c + 3.0 succ_c,Protoporphyrinogen oxidase (anaerobic),D;D;SS,SS,D,D,,,,
388,PFK,atp_c + f6p_c --> adp_c + fdp_c + h_c,Phosphofructokinase,S;S;SS,SS,S,S,,,,
389,PDX5PO2,nad_c + pdx5p_c --> h_c + nadh_c + pydx5p_c,Pyridoxine 5'-phosphate oxidase (anaerboic,U;S;SS,SS,U,S,,,,
390,MDDCP1pp,h2o_p + murein5px4p_p --> ala__D_p + murein4px4p_p,"Murein D,D-carboxypeptidase (murein5px4p) (periplasm)",U;U;DU,DU,U,U,,,,
391,OMBZLM,2ombzl_c + amet_c --> 2ommbl_c + ahcys_c + h_c,2-Octaprenyl-6-methoxy-benzoquinol methylase,U;U;DS,DS,U,U,,,,
392,PGM,2pg_c <=> 3pg_c,Phosphoglycerate mutase,U;U;SD,SD,U,U,,,,
393,CYTBO3_4pp,4.0 h_c + 0.5 o2_c + q8h2_c --> h2o_c + 4.0 h_p + q8_c,Cytochrome oxidase bo3 (ubiquinol-8: 4 protons) (periplasm),S;S;SS,SS,S,S,,,,
394,EAR141x,h_c + nadh_c + t3c7mrseACP_c --> nad_c + tdeACP_c,Enoyl-[acyl-carrier-protein] reductase (NADH) (n-C14:1),U;S;SS,SS,U,S,,,,
395,EAR181x,h_c + nadh_c + t3c11vaceACP_c --> nad_c + octeACP_c,Enoyl-[acyl-carrier-protein] reductase (NADH) (n-C18:1),U;U;DS,DS,U,U,,,,
396,TPI,dhap_c <=> g3p_c,Triose-phosphate isomerase,S;U;SS,SS,S,U,,,,
397,MPTG,2.0 uaagmda_c --> 2.0 h_c + murein5p5p_p + 2.0 udcpdp_c,Murein polymerizing transglycosylase,U;U;SS,SS,U,U,,,,
398,MPTG2,murein5p5p_p + uaagmda_c --> h_c + murein5p5p5p_p + udcpdp_c,Murein polymerizing transglycosylase 2 (three linked units),U;U;DS,DS,U,U,,,,
399,RPI,r5p_c <=> ru5p__D_c,Ribose-5-phosphate isomerase,U;S;SS,SS,U,S,,,,
400,MCTP1App,murein5p5p_p --> ala__D_p + murein5px4p_p,Murein crosslinking transpeptidase 1A:(A2pm->D-ala) (periplasm),U;U;SU,SU,U,U,,,,
401,MCTP2App,murein5p5p5p_p --> 2.0 ala__D_p + murein5px4px4p_p,Murein crosslinking transpeptidase 1A:(A2pm->D-ala) (periplasm),U;U;DU,DU,U,U,,,,
402,MCTP1Bpp,murein5p5p_p --> alaala_p + murein5px3p_p,Murein crosslinking transpeptidase 1B:(A2pm->A2pm) (periplasm),U;U;DS,DS,U,U,,,,
403,PERD,4per_c + nad_c <=> h_c + nadh_c + ohpb_c,Erythronate 4-phosphate (4per) dehydrogenase,U;U;SD,SD,U,U,,,,
404,5DOAN,dad_5_c + h2o_c --> 5drib_c + ade_c,5'-deoxyadenosine nuclosidase,U;U;SS,SS,U,U,,,,
405,DM_5drib_c,5drib_c --> ,Sink needed to allow 5'-deoxyribose to leave system,U;;SS,SS,U,,,,,
406,DHORDfum,dhor__S_c + fum_c --> orot_c + succ_c,Fumarate dependent DHORD,D;D;SS,SS,D,D,,,,
407,K2L4Aabcpp,atp_c + h2o_c + kdo2lipid4_c --> adp_c + h_c + kdo2lipid4_p + pi_c,KDO(2)-lipid IV A transport via ABC system (periplasm),U;U;SS,SS,U,U,,,,
408,3OAR120,3oddecACP_c + h_c + nadph_c <=> 3hddecACP_c + nadp_c,3-oxoacyl-[acyl-carrier-protein] reductase (n-C12:0),U;U;SS,SS,U,U,,,,
409,3HAD80,3hoctACP_c --> h2o_c + toct2eACP_c,3-hydroxyacyl-[acyl-carrier-protein] dehydratase (n-C8:0),U;U;SS,SS,U,U,,,,
410,3HAD120,3hddecACP_c --> h2o_c + tddec2eACP_c,3-hydroxyacyl-[acyl-carrier-protein] dehydratase (n-C12:0),U;U;SS,SS,U,U,,,,
411,SO4t2pp,h_p + so4_p --> h_c + so4_c,Sulfate transport in via proton symport (periplasm to cytoplasm),S;S;SS,SS,S,S,,,,
412,DHNAOT4,dhna_c + h_c + octdp_c --> 2dmmql8_c + co2_c + ppi_c,"1,4-dihydroxy-2-naphthoate octaprenyltransferase",D;S;DU,DU,D,S,,,,
413,AMPMS2,air_c + h2o_c + nad_c --> 4ampm_c + 2.0 for_c + 3.0 h_c + nadh_c,4-amino-2-methyl-5-phosphomethylpyrimidine synthetase,U;U;SU,SU,U,U,,,,
414,PSSA161,cdpdhdec9eg_c + ser__L_c --> cmp_c + h_c + ps161_c,Phosphatidylserine syntase (n-C16:1),U;U;SS,SS,U,U,,,,
415,PSD160,h_c + ps160_c --> co2_c + pe160_c,Phosphatidylserine decarboxylase (n-C16:0),U;U;SS,SS,U,U,,,,
416,PSD161,h_c + ps161_c --> co2_c + pe161_c,Phosphatidylserine decarboxylase (n-C16:1),U;U;SS,SS,U,U,,,,
417,COLIPAabcpp,atp_c + colipa_c + h2o_c --> adp_c + colipa_p + h_c + pi_c,Core oligosaccharide lipid A transport via ABC system (periplasm),U;S;DS,DS,U,S,,,,
418,ACONTb,acon_C_c + h2o_c <=> icit_c,"Aconitase (half-reaction B, Isocitrate hydro-lyase)",S;U;SS,SS,S,U,,,,
419,CA2tex,ca2_e <=> ca2_p,Calcium (Ca+2) transport via diffusion (extracellular to periplasm),S;S;SS,SS,S,S,,,,
420,3HAD161,3hcpalm9eACP_c --> h2o_c + t3c9palmeACP_c,3-hydroxyacyl-[acyl-carrier-protein] dehydratase (n-C16:1),U;U;SS,SS,U,U,,,,
421,SUCDi,q8_c + succ_c --> fum_c + q8h2_c,Succinate dehydrogenase (irreversible),S;D;SS,SS,S,D,,,,
422,3OAR181,3ocvac11eACP_c + h_c + nadph_c --> 3hcvac11eACP_c + nadp_c,3-oxoacyl-[acyl-carrier-protein] reductase (n-C18:1),U;U;DS,DS,U,U,,,,
423,3HAD121,3hcddec5eACP_c --> h2o_c + t3c5ddeceACP_c,3-hydroxyacyl-[acyl-carrier-protein] dehydratase (n-C12:1),U;U;SS,SS,U,U,,,,
424,EX_o2_e,o2_e <=> ,O2 exchange,S;;SS,SS,S,,,,,
425,MDDCP2pp,h2o_p + murein5px4px4p_p --> ala__D_p + murein4px4px4p_p,"Murein D,D-carboxypeptidase (murein5px4px4p) (periplasm)",U;U;DU,DU,U,U,,,,
426,MDDCP3pp,h2o_p + murein5p5p_p --> ala__D_p + murein5p4p_p,"Murein D,D-carboxypeptidase (murein5p5p) (periplasm)",U;U;DU,DU,U,U,,,,
427,EAR140x,h_c + nadh_c + tmrs2eACP_c --> myrsACP_c + nad_c,Enoyl-[acyl-carrier-protein] reductase (NADH) (n-C14:0),U;S;SS,SS,U,S,,,,
428,3OAS181,h_c + hdeACP_c + malACP_c --> 3ocvac11eACP_c + ACP_c + co2_c,3-oxoacyl-[acyl-carrier-protein] synthase (n-C18:1),U;U;DS,DS,U,U,,,,
429,AGPAT160,1hdecg3p_c + palmACP_c --> ACP_c + pa160_c,1-hexadecanoyl-sn-glycerol 3-phosphate O-acyltransferase (n-C16:0),U;S;SU,SU,U,S,,,,
430,PGSA160,cdpdhdecg_c + glyc3p_c --> cmp_c + h_c + pgp160_c,Phosphatidylglycerol synthase (n-C16:0),U;U;DU,DU,U,U,,,,
431,3OAS140,ddcaACP_c + h_c + malACP_c --> 3omrsACP_c + ACP_c + co2_c,3-oxoacyl-[acyl-carrier-protein] synthase (n-C14:0),U;U;SS,SS,U,U,,,,
432,3OAR140,3omrsACP_c + h_c + nadph_c <=> 3hmrsACP_c + nadp_c,3-oxoacyl-[acyl-carrier-protein] reductase (n-C14:0),U;U;SS,SS,U,U,,,,
433,MLDCP1App,h2o_p + murein5px4p_p --> alaala_p + murein3px4p_p,"Murein L,D-carboxypeptidase (murein5px4p) (periplasm)",U;U;DU,DU,U,U,,,,
434,3OAR160,3opalmACP_c + h_c + nadph_c <=> 3hpalmACP_c + nadp_c,3-oxoacyl-[acyl-carrier-protein] reductase (n-C16:0),U;U;SS,SS,U,U,,,,
435,PGSA161,cdpdhdec9eg_c + glyc3p_c --> cmp_c + h_c + pgp161_c,Phosphatidylglycerol synthase (n-C16:1),U;U;DU,DU,U,U,,,,
436,3HAD181,3hcvac11eACP_c --> h2o_c + t3c11vaceACP_c,3-hydroxyacyl-[acyl-carrier-protein] dehydratase (n-C18:1),U;U;DS,DS,U,U,,,,
437,PGPP160,h2o_c + pgp160_c --> pg160_c + pi_c,Phosphatidylglycerol phosphate phosphatase (n-C16:0),U;S;DU,DU,U,S,,,,
438,3OAR141,3ocmrs7eACP_c + h_c + nadph_c --> 3hcmrs7eACP_c + nadp_c,3-oxoacyl-[acyl-carrier-protein] reductase (n-C14:1),U;U;SS,SS,U,U,,,,
439,3OAR161,3ocpalm9eACP_c + h_c + nadph_c --> 3hcpalm9eACP_c + nadp_c,3-oxoacyl-[acyl-carrier-protein] reductase (n-C16:1),U;U;SS,SS,U,U,,,,
440,3HAD141,3hcmrs7eACP_c --> h2o_c + t3c7mrseACP_c,3-hydroxyacyl-[acyl-carrier-protein] dehydratase (n-C14:1),U;U;SS,SS,U,U,,,,
441,EAR121x,h_c + nadh_c + t3c5ddeceACP_c --> cddec5eACP_c + nad_c,Enoyl-[acyl-carrier-protein] reductase (NADH) (n-C12:1),U;U;SS,SS,U,U,,,,
442,PGPP161,h2o_c + pgp161_c --> pg161_c + pi_c,Phosphatidylglycerol phosphate phosphatase (n-C16:1),U;S;DU,DU,U,S,,,,
443,PGPP181,h2o_c + pgp181_c --> pg181_c + pi_c,Phosphatidylglycerol phosphate phosphatase (n-C18:1),U;S;DU,DU,U,S,,,,
444,PE160abcpp,atp_c + h2o_c + pe160_c --> adp_c + h_c + pe160_p + pi_c,"Phosphatidylethanolamine transport via ABC system (n-C16:0, periplasm)",U;S;SS,SS,U,S,,,,
445,PE161abcpp,atp_c + h2o_c + pe161_c --> adp_c + h_c + pe161_p + pi_c,"Phosphatidylethanolamine transport via ABC system (n-C16:1, periplasm)",U;S;SS,SS,U,S,,,,
446,ACONTa,cit_c <=> acon_C_c + h2o_c,"Aconitase (half-reaction A, Citrate hydro-lyase)",S;S;SS,SS,S,S,,,,
447,PG181abcpp,atp_c + h2o_c + pg181_c --> adp_c + h_c + pg181_p + pi_c,"Phosphatidylglycerol transport via ABC system (n-C18:1, periplasm)",S;S;DS,DS,S,S,,,,
448,PGSA181,cdpdodec11eg_c + glyc3p_c --> cmp_c + h_c + pgp181_c,Phosphatidylglycerol synthase (n-C18:1),U;U;DU,DU,U,U,,,,
449,MDDCP4pp,h2o_p + murein5p4p_p --> ala__D_p + murein4p4p_p,"Murein D,D-carboxypeptidase (murein5p4p) (periplasm)",U;U;DU,DU,U,U,,,,
450,PSSA160,cdpdhdecg_c + ser__L_c --> cmp_c + h_c + ps160_c,Phosphatidylserine syntase (n-C16:0),U;U;SS,SS,U,U,,,,
451,PSSA181,cdpdodec11eg_c + ser__L_c --> cmp_c + h_c + ps181_c,Phosphatidylserine syntase (n-C18:1),U;U;DS,DS,U,U,,,,
452,AGPAT181,1odec11eg3p_c + octeACP_c --> ACP_c + pa181_c,1-octadec-7-enoyl-sn-glycerol 3-phosphate O-acyltransferase (n-C18:1),U;S;DU,DU,U,S,,,,
453,3HAD40,3haACP_c --> but2eACP_c + h2o_c,3-hydroxyacyl-[acyl-carrier-protein] dehydratase (n-C4:0),U;U;SS,SS,U,U,,,,
454,3OAS60,butACP_c + h_c + malACP_c --> 3ohexACP_c + ACP_c + co2_c,3-oxoacyl-[acyl-carrier-protein] synthase (n-C6:0),U;U;SS,SS,U,U,,,,
455,3OAS160,h_c + malACP_c + myrsACP_c --> 3opalmACP_c + ACP_c + co2_c,3-oxoacyl-[acyl-carrier-protein] synthase (n-C16:0),U;U;SS,SS,U,U,,,,
456,3OAR60,3ohexACP_c + h_c + nadph_c <=> 3hhexACP_c + nadp_c,3-oxoacyl-[acyl-carrier-protein] reductase (n-C6:0),U;U;SS,SS,U,U,,,,
457,3OAR80,3ooctACP_c + h_c + nadph_c <=> 3hoctACP_c + nadp_c,3-oxoacyl-[acyl-carrier-protein] reductase (n-C8:0),U;U;SS,SS,U,U,,,,
458,MLDCP3App,h2o_p + murein5px3p_p --> alaala_p + murein3px3p_p,"Murein L,D-carboxypeptidase (murein5px3p) (periplasm)",U;U;DU,DU,U,U,,,,
459,EAR100x,h_c + nadh_c + tdec2eACP_c --> dcaACP_c + nad_c,Enoyl-[acyl-carrier-protein] reductase (NADH) (n-C10:0),U;S;SS,SS,U,S,,,,
460,EAR120x,h_c + nadh_c + tddec2eACP_c --> ddcaACP_c + nad_c,Enoyl-[acyl-carrier-protein] reductase (NADH) (n-C12:0),U;S;SS,SS,U,S,,,,
461,EAR160x,h_c + nadh_c + tpalm2eACP_c --> nad_c + palmACP_c,Enoyl-[acyl-carrier-protein] reductase (NADH) (n-C16:0),U;S;SS,SS,U,S,,,,
462,3OAS121,cdec3eACP_c + h_c + malACP_c --> 3ocddec5eACP_c + ACP_c + co2_c,3-oxoacyl-[acyl-carrier-protein] synthase (n-C12:1),U;U;SU,SU,U,U,,,,
463,3OAS80,h_c + hexACP_c + malACP_c --> 3ooctACP_c + ACP_c + co2_c,3-oxoacyl-[acyl-carrier-protein] synthase (n-C8:0),U;U;SS,SS,U,U,,,,
464,3OAS100,h_c + malACP_c + ocACP_c --> 3odecACP_c + ACP_c + co2_c,3-oxoacyl-[acyl-carrier-protein] synthase (n-C10:0),U;U;SS,SS,U,U,,,,
465,3OAS120,dcaACP_c + h_c + malACP_c --> 3oddecACP_c + ACP_c + co2_c,3-oxoacyl-[acyl-carrier-protein] synthase (n-C12:0),U;U;SS,SS,U,U,,,,
466,3OAR40,actACP_c + h_c + nadph_c <=> 3haACP_c + nadp_c,3-oxoacyl-[acyl-carrier-protein] reductase (n-C4:0),U;U;SS,SS,U,U,,,,
467,3OAR100,3odecACP_c + h_c + nadph_c <=> 3hdecACP_c + nadp_c,3-oxoacyl-[acyl-carrier-protein] reductase (n-C10:0),U;U;SS,SS,U,U,,,,
468,3HAD60,3hhexACP_c --> h2o_c + thex2eACP_c,3-hydroxyacyl-[acyl-carrier-protein] dehydratase (n-C6:0),U;U;SS,SS,U,U,,,,
469,3HAD100,3hdecACP_c --> h2o_c + tdec2eACP_c,3-hydroxyacyl-[acyl-carrier-protein] dehydratase (n-C10:0),U;U;SS,SS,U,U,,,,
470,3HAD140,3hmrsACP_c --> h2o_c + tmrs2eACP_c,3-hydroxyacyl-[acyl-carrier-protein] dehydratase (n-C14:0),U;U;SS,SS,U,U,,,,
471,3HAD160,3hpalmACP_c --> h2o_c + tpalm2eACP_c,3-hydroxyacyl-[acyl-carrier-protein] dehydratase (n-C16:0),U;U;SS,SS,U,U,,,,
472,AGPAT161,1hdec9eg3p_c + hdeACP_c --> ACP_c + pa161_c,1-hexadec-7-enoyl-sn-glycerol 3-phosphate O-acyltransferase (n-C16:1),U;S;SU,SU,U,S,,,,
473,EAR40x,but2eACP_c + h_c + nadh_c --> butACP_c + nad_c,Enoyl-[acyl-carrier-protein] reductase (NADH) (n-C4:0),U;U;SS,SS,U,U,,,,
474,MLDEP1pp,h2o_p + murein3px3p_p --> murein3p3p_p,"Murein L,D-endopeptidase (murein3px3p) (periplasm)",U;S;DU,DU,U,S,,,,
475,PSD181,h_c + ps181_c --> co2_c + pe181_c,Phosphatidylserine decarboxylase (n-C18:1),U;U;DS,DS,U,U,,,,
476,EAR60x,h_c + nadh_c + thex2eACP_c --> hexACP_c + nad_c,Enoyl-[acyl-carrier-protein] reductase (NADH) (n-C6:0),U;U;SS,SS,U,U,,,,
477,EAR80x,h_c + nadh_c + toct2eACP_c --> nad_c + ocACP_c,Enoyl-[acyl-carrier-protein] reductase (NADH) (n-C8:0),U;U;SS,SS,U,U,,,,
478,PE181abcpp,atp_c + h2o_c + pe181_c --> adp_c + h_c + pe181_p + pi_c,"Phosphatidylethanolamine transport via ABC system (n-C18:1, periplasm)",U;S;DS,DS,U,S,,,,
479,OMMBLHX3,2ommbl_c + 2.0 atp_c + 3.0 h2o_c + nad_c --> 2omhmbl_c + 2.0 adp_c + 3.0 h_c + nadh_c + 2.0 pi_c,"2-Octaprenyl-3-methyl-6-methoxy-1,4-benzoquinol hydroxylase (anaerobic)",U;U;DS,DS,U,U,,,,
480,ZN2tpp,zn2_p --> zn2_c,Zinc transport in via permease (no H+),S;S;SU,SU,S,S,,,,
481,NI2tpp,ni2_p --> ni2_c,Nickel (+2) transport in via permease (no H+),S;S;SU,SU,S,S,,,,
482,CAt6pp,ca2_c + na1_p <=> ca2_p + na1_c,Calcium / sodium antiporter (1:1),S;S;SS,SS,S,S,,,,
483,NADH16pp,4.0 h_c + nadh_c + q8_c --> 3.0 h_p + nad_c + q8h2_c,NADH dehydrogenase (ubiquinone-8 & 3 protons) (periplasm),S;S;SS,SS,S,S,,,,
484,OPHHX3,2oph_c + 2.0 atp_c + 3.0 h2o_c + nad_c --> 2ohph_c + 2.0 adp_c + 3.0 h_c + nadh_c + 2.0 pi_c,2-Octaprenylphenol hydroxylase (anaerobic),D;U;SS,SS,D,U,,,,
485,AMMQLT8,2dmmql8_c + amet_c --> ahcys_c + h_c + mql8_c,S-adenosylmethione:2-demthylmenaquinole methyltransferase (menaquinone 8),U;U;DS,DS,U,U,,,,
486,COBALT2tpp,cobalt2_p --> cobalt2_c,Cobalt transport in via permease (no H+),S;S;SU,SU,S,S,,,,
487,DALAt2pp,ala__D_p + h_p --> ala__D_c + h_c,D-alanine transport in via proton symport (periplasm),U;S;SS,SS,U,S,,,,
488,FE2tpp,fe2_p --> fe2_c,Iron (+2) transport in via permease (no H+),S;;SU,SU,S,,,,,
489,MN2tpp,mn2_p --> mn2_c,Manganese transport in via permease (no H+),S;S;SU,SU,S,S,,,,
490,5MTRtex,5mtr_e <=> 5mtr_p,5-Methylthio-D-ribose transport via proton diffusion (extracellular to periplasm),U;U;DS,DS,U,U,,,,
491,CLt3_2pp,2.0 cl_p + h_c --> 2.0 cl_c + h_p,Chloride transport out via proton antiport (2:1) (periplasm),S;S;SU,SU,S,S,,,,
492,POR5,coa_c + 2.0 flxso_c + pyr_c <=> accoa_c + co2_c + 2.0 flxr_c + h_c,Pyruvate synthase,U;U;SS,SS,U,U,,,,
493,MTHTHFSs,h2o_c + mdhdhf_c --> mththf_c,"(2R,4S)-2-methyl-2,3,3,4-tetrahydroxytetrahydrofuran synthesis (spontaneous)",S;S;SS,SS,S,S,,,,
494,MALCOAMT,amet_c + malcoa_c --> ahcys_c + malcoame_c,Malonyl-CoA methyltransferase,U;U;SU,SU,U,U,,,,
495,CU2tpp,cu2_p --> cu2_c,Copper transport in via permease (no H+),S;S;SU,SU,S,S,,,,
496,MG2t3_2pp,2.0 h_c + mg2_p <=> 2.0 h_p + mg2_c,Magnesium (Mg+2) transport in/out via proton antiport (periplasm),S;S;SS,SS,S,S,,,,
497,FE3abcpp,atp_c + fe3_p + h2o_c --> adp_c + fe3_c + h_c + pi_c,Iron (III) transport via ABC system (periplasm to cytoplasm),S;S;SS,SS,S,S,,,,
498,OGMEACPS,h_c + malACP_c + malcoame_c --> co2_c + coa_c + ogmeACP_c,3-Oxo-glutaryl-[ACP] methyl ester synthase,U;U;SS,SS,U,U,,,,
499,OGMEACPR,h_c + nadph_c + ogmeACP_c --> hgmeACP_c + nadp_c,3-Oxo-glutaryl-[ACP] methyl ester reductase,U;U;SS,SS,U,U,,,,
500,OPMEACPS,gmeACP_c + h_c + malACP_c --> ACP_c + co2_c + opmeACP_c,3-Oxo-pimeloyl-[ACP] methyl ester synthase,U;U;SU,SU,U,U,,,,
501,K2L4Aabctex,atp_c + h2o_c + kdo2lipid4_p --> adp_c + h_c + kdo2lipid4_e + pi_c,KDO(2)-lipid IV A transport via ABC system (periplasm to extracellular),U;U;SS,SS,U,U,,,,
502,MPTAT,atp_c + h_c + mpt_c --> mptamp_c + ppi_c,Molybdopterin adenylyltransferase,U;S;DS,DS,U,S,,,,
503,MOADSUx,iscssh_c + moadamp_c + nadh_c --> amp_c + iscs_c + moadcosh_c + nad_c,"MoaD sulfuration (nadh, assumed)",U;U;DS,DS,U,U,,,,
504,APG3PAT181,glyc3p_c + ocdceap_c --> 1odec11eg3p_c + h_c + pi_c,Acyl-phosphate:glycerol-3-phosphate acyltransferase (C18:1),U;U;DS,DS,U,U,,,,
505,OPMEACPD,hpmeACP_c --> epmeACP_c + h2o_c,3-Oxo-pimeloyl-[ACP] methyl ester dehydratase,U;U;SS,SS,U,U,,,,
506,EPMEACPR,epmeACP_c + h_c + nadph_c --> nadp_c + pmeACP_c,Enoylpimeloyl-[ACP] methyl ester reductase,U;U;SS,SS,U,U,,,,
507,AOXSr2,ala__L_c + pimACP_c --> 8aonn_c + ACP_c + co2_c,8-amino-7-oxononanoate synthase,U;U;SU,SU,U,U,,,,
508,MEOHtrpp,meoh_p <=> meoh_c,Methanol reversible transport via diffusion (periplasm),U;U;SS,SS,U,U,,,,
509,OGMEACPD,hgmeACP_c --> egmeACP_c + h2o_c,3-Oxo-glutaryl-[ACP] methyl ester dehydratase,U;U;SS,SS,U,U,,,,
510,EGMEACPR,egmeACP_c + h_c + nadph_c --> gmeACP_c + nadp_c,Enoylglutaryl-[ACP] methyl ester reductase,U;U;SS,SS,U,U,,,,
511,OPMEACPR,h_c + nadph_c + opmeACP_c --> hpmeACP_c + nadp_c,3-Oxo-pimeloyl-[ACP] methyl ester reductase,U;U;SS,SS,U,U,,,,
512,PMEACPE,h2o_c + pmeACP_c --> meoh_c + pimACP_c,Pimeloyl-[ACP] methyl ester esterase,U;U;SS,SS,U,U,,,,
513,ETOHtrpp,etoh_p <=> etoh_c,Ethanol reversible transport via diffusion (periplasm),S;S;DS,DS,S,S,,,,
514,ACPPAT161,h_c + hdeACP_c + pi_c --> ACP_c + hdceap_c,Acyl-(acyl carrier protein):phosphate acyltransferase (C16:1),S;U;SS,SS,S,U,,,,
515,APG3PAT160,glyc3p_c + hdcap_c --> 1hdecg3p_c + h_c + pi_c,Acyl-phosphate:glycerol-3-phosphate acyltransferase (C16:0),U;U;SS,SS,U,U,,,,
516,APG3PAT161,glyc3p_c + hdceap_c --> 1hdec9eg3p_c + h_c + pi_c,Acyl-phosphate:glycerol-3-phosphate acyltransferase (C16:1),U;U;SS,SS,U,U,,,,
517,MEOHtex,meoh_e <=> meoh_p,Methanol transport via diffusion (extracellular to periplasm),U;U;SS,SS,U,U,,,,
518,EX_5mtr_e,5mtr_e --> ,5-Methylthio-D-ribose exchange,U;;DS,DS,U,,,,,
519,ICYSDS,cys__L_c + iscs_c --> ala__L_c + iscssh_c,ISC Cysteine desulfuration,U;U;SS,SS,U,U,,,,
520,MECDPDH5,2mecdp_c + 2.0 flxr_c + h_c --> 2.0 flxso_c + h2mb4p_c + h2o_c,"2C-methyl-D-erythritol 2,4 cyclodiphosphate dehydratase",U;U;SS,SS,U,U,,,,
521,RNTR1c2,atp_c + 2.0 flxr_c + 2.0 h_c --> datp_c + 2.0 flxso_c + h2o_c,Ribonucleoside-triphosphate reductase (ATP) (flavodoxin),U;U;SS,SS,U,U,,,,
522,RNTR2c2,2.0 flxr_c + gtp_c + 2.0 h_c --> dgtp_c + 2.0 flxso_c + h2o_c,Ribonucleoside-triphosphate reductase (GTP) (flavodoxin),U;U;SS,SS,U,U,,,,
523,I4FE4SR,fadh2_c + 2.0 h_c + iscu_2fe2s2_c --> fad_c + iscu_4fe4s_c,ISC [4Fe-4S] Reduction,U;U;SS,SS,U,U,,,,
524,RNTR3c2,ctp_c + 2.0 flxr_c + 2.0 h_c --> dctp_c + 2.0 flxso_c + h2o_c,Ribonucleoside-triphosphate reductase (CTP) (flavodoxin),U;U;SS,SS,U,U,,,,
525,RNTR4c2,2.0 flxr_c + 2.0 h_c + utp_c --> dutp_c + 2.0 flxso_c + h2o_c,Ribonucleoside-triphosphate reductase (UTP) (flavodoxin),U;U;SS,SS,U,U,,,,
526,5MTRtpp,5mtr_c + h_c --> 5mtr_p + h_p,5-Methylthio-D-ribose transport via proton symport (periplasm),U;U;DS,DS,U,U,,,,
527,I2FE2SS,fadh2_c + 2.0 fe2_c + 2.0 iscssh_c + iscu_c --> fad_c + 6.0 h_c + 2.0 iscs_c + iscu_2fe2s_c,ISC [2Fe-2S] Synthesis,U;U;SS,SS,U,U,,,,
528,I2FE2ST,4.0 h_c + iscu_2fe2s_c --> 2fe2s_c + iscu_c,ISC [2Fe-2S] Transfer,U;U;SS,SS,U,U,,,,
529,I2FE2SS2,fadh2_c + 2.0 fe2_c + 2.0 iscssh_c + iscu_2fe2s_c --> fad_c + 6.0 h_c + 2.0 iscs_c + iscu_2fe2s2_c,ISC [2Fe-2S] Synthesis II,U;U;SS,SS,U,U,,,,
530,I4FE4ST,4.0 h_c + iscu_4fe4s_c --> 4fe4s_c + iscu_c,ISC [4Fe-4S] Transfer,U;U;SS,SS,U,U,,,,
531,BTS5,2fe2s_c + amet_c + dtbt_c --> 2fe1s_c + btn_c + dad_5_c + h_c + met__L_c,Biotin synthase,U;U;SU,SU,U,U,,,,
532,LIPOS,4fe4s_c + 2.0 amet_c + h_c + nad_c + octapb_c --> 2fe2s_c + 2.0 dad_5_c + 2.0 fe2_c + lipopb_c + 2.0 met__L_c + nadh_c,Lipoate synthase,U;U;DS,DS,U,U,,,,
533,MPTSS,atp_c + h_c + moadcoo_c --> moadamp_c + ppi_c,Molybdopterin synthase sulfurylase,U;U;DD,DD,U,U,,,,
534,CPMPS,gtp_c + h2o_c --> cpmp_c + ppi_c,Cyclic pyranopterin monophosphate synthase,S;U;DU,DU,S,U,,,,
535,LIPOCT,h_c + ocACP_c --> ACP_c + octapb_c,Lipoyl(octanoyl) transferase,U;U;DU,DU,U,U,,,,
536,MOGDS,gtp_c + h_c + moco_c --> mocogdp_c + ppi_c,Molybdopterin guanine dinucleotide synthase,U;U;DU,DU,U,U,,,,
537,SHCHCS3,2sephchc_c --> 2shchc_c + pyr_c,"2-succinyl-6-hydroxy-2,4-cyclohexadiene 1-carboxylate synthase",U;U;DS,DS,U,U,,,,
538,VPAMTr,3mob_c + ala__L_c <=> pyr_c + val__L_c,Valine-pyruvate aminotransferase,U;U;SU,SU,U,U,,,,
539,DM_4crsol_c,4crsol_c --> ,Sink needed to allow p-Cresol to leave system,U;;SS,SS,U,,,,,
540,PYDXNtex,pydxn_e <=> pydxn_p,Pyridoxine transport via diffusion (extracellular),U;U;SS,SS,U,U,,,,
541,PYDXNtpp,pydxn_p --> pydxn_c,Pyridoxine import,U;U;SS,SS,U,U,,,,
542,ACPPAT160,h_c + palmACP_c + pi_c --> ACP_c + hdcap_c,Acyl-(acyl carrier protein):phosphate acyltransferase (C16:0),S;U;SS,SS,S,U,,,,
543,OMPHHXy,2omph_c + h_c + nadph_c + o2_c --> 2ombzl_c + h2o_c + nadp_c,2-octaprenyl-6-methoxyphenol hydroxylase (NADPH),U;U;DS,DS,U,U,,,,
544,ACPPAT181,h_c + octeACP_c + pi_c --> ACP_c + ocdceap_c,Acyl-(acyl carrier protein):phosphate acyltransferase (C18:1),U;U;DS,DS,U,U,,,,
545,AI2K,atp_c + dhptd_c --> adp_c + dhptdp_c + h_c,Autoinducer-2 kinase,S;S;UU,UU,S,S,,,,
546,DHNPA2r,dhnpt_c <=> 6hmhpt_c + gcald_c,Dihydroneopterin aldolase reversible,D;D;SS,SS,D,D,,,,
547,PYK2,h_c + pep_c + udp_c --> pyr_c + utp_c,Pyruvate kinase(2),U;U;SS,SS,U,U,,,,
548,PYK3,gdp_c + h_c + pep_c --> gtp_c + pyr_c,Pyruvate kinase(3),U;U;SS,SS,U,U,,,,
549,SEPHCHCS,akg_c + h_c + ichor_c --> 2sephchc_c + co2_c,2-succinyl-5-enolpyruvyl-6-hydroxy-3-cyclohexene-1-carboxylate synthase,U;U;DS,DS,U,U,,,,
550,DHNCOAS,h_c + sbzcoa_c --> 14dhncoa_c + h2o_c,"1,4-dihydroxy-2-napthoyl-CoA synthase",U;U;DS,DS,U,U,,,,
551,DHNCOAT,14dhncoa_c + h2o_c --> coa_c + dhna_c + h_c,"1,4-dihydroxy-2-napthoyl-CoA thioesterase",U;U;DS,DS,U,U,,,,
552,PIt2rpp,h_p + pi_p --> h_c + pi_c,Phosphate reversible transport via symport (periplasm),;;SS,SS,,,,,,
553,PAI2I,dhptdp_c --> dhptdd_c,Phospho-AI-2 isomerase,S;S;UU,UU,S,S,,,,
554,CBL1tonex,cbl1_e + h_p --> cbl1_p + h_c,Cob(1)alamin transport via ton system (extermal),S;S;DS,DS,S,S,,,,
555,4HTHRA,4hthr_c <=> gcald_c + gly_c,4-hydroxy-L-threonine aldolase,U;U;DS,DS,U,U,,,,
556,I2FE2SR,2fe1s_c + iscssh_c + iscu_c --> 4.0 h_c + iscs_c + iscu_2fe2s_c,ISC [2Fe-2S] regeneration,U;U;SS,SS,U,U,,,,
557,GAPP,g3p_c + h2o_c --> glyald_c + pi_c,Glyceraldehyde-3-phosphate phosphatase,U;U;SU,SU,U,U,,,,
558,TYRL,amet_c + nadph_c + tyr__L_c --> 4crsol_c + dad_5_c + dhgly_c + h_c + met__L_c + nadp_c,Tyrosine lyase,U;U;SU,SU,U,U,,,,
559,THZPSN3,atp_c + dhgly_c + dxyl5p_c + h_c + iscssh_c + nadph_c --> 4mpetz_c + amp_c + co2_c + 2.0 h2o_c + iscs_c + nadp_c + ppi_c,Thiazole phosphate synthesis,U;U;SU,SU,U,U,,,,
560,PAI2T,coa_c + dhptdd_c --> accoa_c + dhap_c,"3-hydroxy-2,4-pentadione 5-phosphate thiolase",S;S;UU,UU,S,S,,,,
561,4HTHRK,4hthr_c + atp_c --> adp_c + h_c + phthr_c,4-Hydroxy-L-threonine kinase,U;U;DU,DU,U,U,,,,
562,MOCDS,ctp_c + h_c + moco_c --> mococdp_c + ppi_c,Molybdopterin cytidine dinucleotide synthase,U;U;DD,DD,U,U,,,,
563,BIOMASS_Ec_iML1515_core_75p37M,0.000223 10fthf_c + 2.6e-05 2fe2s_c + 0.000223 2ohph_c + 0.00026 4fe4s_c + 0.513689 ala__L_c + 0.000223 amet_c + 0.295792 arg__L_c + 0.241055 asn__L_c + 0.241055 asp__L_c + 75.55223 atp_c + 2e-06 btn_c + 0.005205 ca2_c + 0.005205 cl_c + 0.000576 coa_c + 2.5e-05 cobalt2_c + 0.133508 ctp_c + 0.000709 cu2_c + 0.09158 cys__L_c + 0.026166 datp_c + 0.027017 dctp_c + 0.027017 dgtp_c + 0.026166 dttp_c + 0.000223 fad_c + 0.006715 fe2_c + 0.007808 fe3_c + 0.26316 gln__L_c + 0.26316 glu__L_c + 0.612638 gly_c + 0.215096 gtp_c + 70.028756 h2o_c + 0.094738 his__L_c + 0.290529 ile__L_c + 0.195193 k_c + 0.019456 kdo2lipid4_e + 0.450531 leu__L_c + 0.343161 lys__L_c + 0.153686 met__L_c + 0.008675 mg2_c + 0.000223 mlthf_c + 0.000691 mn2_c + 7e-06 mobd_c + 0.013894 murein5px4p_p + 0.001831 nad_c + 0.000447 nadp_c + 0.013013 nh4_c + 0.000323 ni2_c + 0.063814 pe160_p + 0.075214 pe161_p + 0.185265 phe__L_c + 0.000223 pheme_c + 0.221055 pro__L_c + 0.000223 pydx5p_c + 0.000223 ribflv_c + 0.215792 ser__L_c + 0.000223 sheme_c + 0.004338 so4_c + 9.8e-05 succoa_c + 0.000223 thf_c + 0.000223 thmpp_c + 0.253687 thr__L_c + 0.056843 trp__L_c + 0.137896 tyr__L_c + 5.5e-05 udcpdp_c + 0.144104 utp_c + 0.423162 val__L_c + 0.000341 zn2_c --> 75.37723 adp_c + 75.37723 h_c + 75.37323 pi_c + 0.773903 ppi_c,E. coli biomass objective function (iML1515) - core - with 75.37 GAM estimate,U;;SS,SS,U,,,,,
564,BIOMASS_Ec_iML1515_WT_75p37M,0.000223 10fthf_c + 0.000223 2dmmql8_c + 2.5e-05 2fe2s_c + 0.000248 4fe4s_c + 0.000223 5mthf_c + 0.000279 accoa_c + 0.000223 adocbl_c + 0.499149 ala__L_c + 0.000223 amet_c + 0.28742 arg__L_c + 0.234232 asn__L_c + 0.234232 asp__L_c + 75.55223 atp_c + 2e-06 btn_c + 0.004952 ca2_c + 0.000223 chor_c + 0.004952 cl_c + 0.002944 clpn160_p + 0.00229 clpn161_p + 0.00118 clpn181_p + 0.000168 coa_c + 2.4e-05 cobalt2_c + 0.008151 colipa_e + 0.129799 ctp_c + 0.000674 cu2_c + 0.088988 cys__L_c + 0.024805 datp_c + 0.025612 dctp_c + 0.025612 dgtp_c + 0.024805 dttp_c + 0.000223 enter_c + 0.000223 fad_c + 0.006388 fe2_c + 0.007428 fe3_c + 0.255712 gln__L_c + 0.255712 glu__L_c + 0.595297 gly_c + 0.154187 glycogen_c + 0.000223 gthrd_c + 0.209121 gtp_c + 70.028756 h2o_c + 0.000223 hemeO_c + 0.092056 his__L_c + 0.282306 ile__L_c + 0.18569 k_c + 0.437778 leu__L_c + 3e-06 lipopb_c + 0.333448 lys__L_c + 3.1e-05 malcoa_c + 0.149336 met__L_c + 0.008253 mg2_c + 0.000223 mlthf_c + 0.000658 mn2_c + 7e-06 mobd_c + 7e-06 mococdp_c + 7e-06 mocogdp_c + 0.000223 mql8_c + 0.001345 murein3p3p_p + 0.000605 murein3px4p_p + 0.005381 murein4p4p_p + 0.005448 murein4px4p_p + 0.000673 murein4px4px4p_p + 0.001787 nad_c + 4.5e-05 nadh_c + 0.000112 nadp_c + 0.000335 nadph_c + 0.012379 nh4_c + 0.000307 ni2_c + 0.044164 pe160_p + 0.03435 pe161_p + 0.017704 pe181_p + 0.010599 pg160_p + 0.008244 pg161_p + 0.004249 pg181_p + 0.180021 phe__L_c + 0.000223 pheme_c + 0.214798 pro__L_c + 0.03327 ptrc_c + 0.000223 pydx5p_c + 0.000223 q8h2_c + 0.000223 ribflv_c + 0.209684 ser__L_c + 0.000223 sheme_c + 0.004126 so4_c + 0.006744 spmd_c + 9.8e-05 succoa_c + 0.000223 thf_c + 0.000223 thmpp_c + 0.246506 thr__L_c + 0.055234 trp__L_c + 0.133993 tyr__L_c + 5.5e-05 udcpdp_c + 0.140101 utp_c + 0.411184 val__L_c + 0.000324 zn2_c --> 75.37723 adp_c + 75.37723 h_c + 75.37323 pi_c + 0.749831 ppi_c,E. coli biomass objective function (iML1515) - WT - with 75.37 GAM estimate,U;;DS,DS,U,,,,,
565,DHPTDCs2,dhptd_c --> mdhdhf_c,"4,5-dihydroxy-2,3-pentanedione cyclization (spontaneous)",S;S;SS,SS,S,S,,,,
566,COLIPAabctex,atp_c + colipa_p + h2o_c --> adp_c + colipa_e + h_c + pi_c,Core oligosaccharide lipid A transport via ABC system (periplasm to extracellular),S;S;DS,DS,S,S,,,,
567,DM_mththf_c,mththf_c --> ,"Sink needed to allow (2R,4S)-2-methyl-2,3,3,4-tetrahydroxytetrahydrofuran to leave system",S;;SS,SS,S,,,,,
568,MPTS,cpmp_c + cu2_c + 2.0 moadcosh_c --> 5.0 h_c + 2.0 moadcoo_c + mpt_c,Molybdopterin synthase,U;U;DU,DU,U,U,,,,
569,MOCOS,2.0 h_c + mobd_c + mptamp_c --> amp_c + cu2_c + h2o_c + moco_c,Molybdenum cofactor synthase,U;U;DD,DD,U,U,,,,
